timestamp,accel_x,accel_y,accel_z,gyro_x,gyro_y,gyro_z,sensor_type,activity_type,activity_code,subject_id,notes,recording_id
1664031534355.0,0.38,-1.11,0.39,-1.41,-2.08,-11.0,Respeck,Movement,9,s2269664,14.1,Respeck_s2269664_Movement_24-09-2022_15-59-32
1664031534398.0,-0.19,-1.47,0.28,-15.16,-9.78,-32.61,Respeck,Movement,9,s2269664,14.1,Respeck_s2269664_Movement_24-09-2022_15-59-32
1664031534444.0,0.24,-1.43,-0.06,-17.81,-9.5,-36.89,Respeck,Movement,9,s2269664,14.1,Respeck_s2269664_Movement_24-09-2022_15-59-32
1664031534475.0,0.38,-0.93,0.06,-0.5,5.84,-10.78,Respeck,Movement,9,s2269664,14.1,Respeck_s2269664_Movement_24-09-2022_15-59-32
1664031534520.0,0.26,-0.74,0.05,-0.77,8.03,6.97,Respeck,Movement,9,s2269664,14.1,Respeck_s2269664_Movement_24-09-2022_15-59-32
1664031534553.0,0.32,-0.88,0.06,0.38,-0.31,-3.81,Respeck,Movement,9,s2269664,14.1,Respeck_s2269664_Movement_24-09-2022_15-59-32
1664031534597.0,0.32,-0.99,0.11,-0.44,-14.41,6.11,Respeck,Movement,9,s2269664,14.1,Respeck_s2269664_Movement_24-09-2022_15-59-32
1664031534639.0,0.37,-0.92,0.1,1.72,-16.91,13.52,Respeck,Movement,9,s2269664,14.1,Respeck_s2269664_Movement_24-09-2022_15-59-32
1664031534669.0,0.17,-0.83,0.14,7.27,-21.64,13.31,Respeck,Movement,9,s2269664,14.1,Respeck_s2269664_Movement_24-09-2022_15-59-32
1664031534717.0,-0.05,-0.85,0.12,3.23,-21.09,2.67,Respeck,Movement,9,s2269664,14.1,Respeck_s2269664_Movement_24-09-2022_15-59-32
1664031534762.0,0.04,-0.82,0.22,6.25,-19.98,3.14,Respeck,Movement,9,s2269664,14.1,Respeck_s2269664_Movement_24-09-2022_15-59-32
1664031534789.0,0.11,-0.85,0.25,8.89,-24.48,5.66,Respeck,Movement,9,s2269664,14.1,Respeck_s2269664_Movement_24-09-2022_15-59-32
1664031534837.0,0.13,-0.89,0.24,6.98,-23.61,7.39,Respeck,Movement,9,s2269664,14.1,Respeck_s2269664_Movement_24-09-2022_15-59-32
1664031534880.0,0.1,-0.87,0.33,4.36,-26.23,8.84,Respeck,Movement,9,s2269664,14.1,Respeck_s2269664_Movement_24-09-2022_15-59-32
1664031534909.0,0.0,-1.02,0.29,1.23,-30.06,5.56,Respeck,Movement,9,s2269664,14.1,Respeck_s2269664_Movement_24-09-2022_15-59-32
1664031534957.0,-0.18,-1.21,0.23,1.89,-20.45,-4.97,Respeck,Movement,9,s2269664,14.1,Respeck_s2269664_Movement_24-09-2022_15-59-32
1664031534989.0,0.3,-1.38,0.28,1.08,-0.98,6.13,Respeck,Movement,9,s2269664,14.1,Respeck_s2269664_Movement_24-09-2022_15-59-32
1664031535029.0,0.69,-1.35,0.17,14.52,-7.77,23.8,Respeck,Movement,9,s2269664,14.1,Respeck_s2269664_Movement_24-09-2022_15-59-32
1664031535078.0,0.6,-0.75,-0.31,16.69,-33.23,15.8,Respeck,Movement,9,s2269664,14.1,Respeck_s2269664_Movement_24-09-2022_15-59-32
1664031535105.0,0.41,-0.81,-0.1,14.56,-36.8,3.7,Respeck,Movement,9,s2269664,14.1,Respeck_s2269664_Movement_24-09-2022_15-59-32
1664031535149.0,0.25,-1.07,0.0,2.08,-37.09,-3.86,Respeck,Movement,9,s2269664,14.1,Respeck_s2269664_Movement_24-09-2022_15-59-32
1664031535198.0,0.15,-0.98,0.05,-5.11,-30.2,-6.64,Respeck,Movement,9,s2269664,14.1,Respeck_s2269664_Movement_24-09-2022_15-59-32
1664031535229.0,0.14,-0.81,0.12,-5.64,-22.05,-7.69,Respeck,Movement,9,s2269664,14.1,Respeck_s2269664_Movement_24-09-2022_15-59-32
1664031535270.0,0.17,-0.67,0.25,-0.27,-16.64,-7.41,Respeck,Movement,9,s2269664,14.1,Respeck_s2269664_Movement_24-09-2022_15-59-32
1664031535318.0,0.13,-0.66,0.22,1.84,-13.53,-5.81,Respeck,Movement,9,s2269664,14.1,Respeck_s2269664_Movement_24-09-2022_15-59-32
1664031535347.0,0.24,-0.68,0.21,4.97,-10.06,-5.02,Respeck,Movement,9,s2269664,14.1,Respeck_s2269664_Movement_24-09-2022_15-59-32
1664031535388.0,0.15,-0.76,0.38,8.11,-9.17,-3.91,Respeck,Movement,9,s2269664,14.1,Respeck_s2269664_Movement_24-09-2022_15-59-32
1664031535440.0,-0.09,-0.86,0.36,3.56,1.56,-6.66,Respeck,Movement,9,s2269664,14.1,Respeck_s2269664_Movement_24-09-2022_15-59-32
1664031535464.0,0.2,-0.96,0.2,2.86,4.02,-10.28,Respeck,Movement,9,s2269664,14.1,Respeck_s2269664_Movement_24-09-2022_15-59-32
1664031535509.0,0.44,-1.16,0.12,8.72,-16.66,-3.17,Respeck,Movement,9,s2269664,14.1,Respeck_s2269664_Movement_24-09-2022_15-59-32
1664031535539.0,0.15,-1.52,0.45,5.64,-17.2,-5.75,Respeck,Movement,9,s2269664,14.1,Respeck_s2269664_Movement_24-09-2022_15-59-32
1664031535598.0,-0.19,-1.69,-0.22,-3.59,-12.25,-28.25,Respeck,Movement,9,s2269664,14.1,Respeck_s2269664_Movement_24-09-2022_15-59-32
1664031535630.0,0.49,-0.93,0.07,-6.84,14.45,-0.44,Respeck,Movement,9,s2269664,14.1,Respeck_s2269664_Movement_24-09-2022_15-59-32
1664031535659.0,0.41,-0.82,0.09,-5.7,2.78,17.58,Respeck,Movement,9,s2269664,14.1,Respeck_s2269664_Movement_24-09-2022_15-59-32
1664031535705.0,0.08,-1.07,-0.04,-2.89,-3.02,-9.73,Respeck,Movement,9,s2269664,14.1,Respeck_s2269664_Movement_24-09-2022_15-59-32
1664031535752.0,0.21,-1.08,0.13,-5.73,-0.56,-1.2,Respeck,Movement,9,s2269664,14.1,Respeck_s2269664_Movement_24-09-2022_15-59-32
1664031535784.0,0.15,-0.77,0.13,-5.42,0.06,12.22,Respeck,Movement,9,s2269664,14.1,Respeck_s2269664_Movement_24-09-2022_15-59-32
1664031535825.0,0.01,-0.57,0.09,-1.92,-7.61,6.72,Respeck,Movement,9,s2269664,14.1,Respeck_s2269664_Movement_24-09-2022_15-59-32
1664031535869.0,0.12,-0.64,0.02,2.83,-14.42,10.03,Respeck,Movement,9,s2269664,14.1,Respeck_s2269664_Movement_24-09-2022_15-59-32
1664031535903.0,0.1,-0.76,0.1,8.47,-16.75,8.95,Respeck,Movement,9,s2269664,14.1,Respeck_s2269664_Movement_24-09-2022_15-59-32
1664031535946.0,0.01,-0.95,0.18,6.2,-16.38,8.45,Respeck,Movement,9,s2269664,14.1,Respeck_s2269664_Movement_24-09-2022_15-59-32
1664031535974.0,0.11,-0.94,0.19,3.0,-21.08,12.39,Respeck,Movement,9,s2269664,14.1,Respeck_s2269664_Movement_24-09-2022_15-59-32
1664031536019.0,0.13,-1.03,0.31,4.28,-27.05,13.75,Respeck,Movement,9,s2269664,14.1,Respeck_s2269664_Movement_24-09-2022_15-59-32
1664031536066.0,-0.17,-1.2,0.21,5.38,-9.5,3.59,Respeck,Movement,9,s2269664,14.1,Respeck_s2269664_Movement_24-09-2022_15-59-32
1664031536109.0,0.21,-1.35,0.41,-7.89,-3.63,4.25,Respeck,Movement,9,s2269664,14.1,Respeck_s2269664_Movement_24-09-2022_15-59-32
1664031536140.0,0.42,-1.55,0.07,-3.03,-0.63,15.75,Respeck,Movement,9,s2269664,14.1,Respeck_s2269664_Movement_24-09-2022_15-59-32
1664031536187.0,0.57,-0.8,-0.23,5.67,-13.38,10.59,Respeck,Movement,9,s2269664,14.1,Respeck_s2269664_Movement_24-09-2022_15-59-32
1664031536218.0,0.34,-0.87,-0.1,6.41,-16.55,-3.41,Respeck,Movement,9,s2269664,14.1,Respeck_s2269664_Movement_24-09-2022_15-59-32
1664031536259.0,0.24,-1.27,0.1,5.75,-20.69,-9.45,Respeck,Movement,9,s2269664,14.1,Respeck_s2269664_Movement_24-09-2022_15-59-32
1664031536307.0,0.02,-1.02,0.02,-10.53,-5.8,-9.34,Respeck,Movement,9,s2269664,14.1,Respeck_s2269664_Movement_24-09-2022_15-59-32
1664031536334.0,0.12,-0.74,0.13,-8.69,2.2,-10.56,Respeck,Movement,9,s2269664,14.1,Respeck_s2269664_Movement_24-09-2022_15-59-32
1664031536380.0,0.13,-0.58,0.17,-4.91,6.28,-6.72,Respeck,Movement,9,s2269664,14.1,Respeck_s2269664_Movement_24-09-2022_15-59-32
1664031536410.0,0.09,-0.58,0.18,-1.45,9.14,-4.02,Respeck,Movement,9,s2269664,14.1,Respeck_s2269664_Movement_24-09-2022_15-59-32
1664031536454.0,0.09,-0.67,0.17,-0.73,17.92,-6.91,Respeck,Movement,9,s2269664,14.1,Respeck_s2269664_Movement_24-09-2022_15-59-32
1664031536499.0,0.15,-0.75,0.28,2.05,19.16,-4.8,Respeck,Movement,9,s2269664,14.1,Respeck_s2269664_Movement_24-09-2022_15-59-32
1664031536529.0,0.07,-0.9,0.24,4.0,17.73,-3.47,Respeck,Movement,9,s2269664,14.1,Respeck_s2269664_Movement_24-09-2022_15-59-32
1664031536577.0,0.19,-1.07,0.3,-0.55,7.11,-7.27,Respeck,Movement,9,s2269664,14.1,Respeck_s2269664_Movement_24-09-2022_15-59-32
1664031536620.0,0.38,-1.27,0.12,0.02,-13.47,-4.09,Respeck,Movement,9,s2269664,14.1,Respeck_s2269664_Movement_24-09-2022_15-59-32
1664031536650.0,0.03,-1.35,0.64,-3.22,-12.56,-9.25,Respeck,Movement,9,s2269664,14.1,Respeck_s2269664_Movement_24-09-2022_15-59-32
1664031536699.0,-0.44,-1.53,-0.19,-13.47,-7.14,-38.16,Respeck,Movement,9,s2269664,14.1,Respeck_s2269664_Movement_24-09-2022_15-59-32
1664031536739.0,0.43,-0.85,-0.09,-12.23,14.83,-15.05,Respeck,Movement,9,s2269664,14.1,Respeck_s2269664_Movement_24-09-2022_15-59-32
1664031536770.0,0.35,-1.09,0.06,-0.97,11.09,7.89,Respeck,Movement,9,s2269664,14.1,Respeck_s2269664_Movement_24-09-2022_15-59-32
1664031536815.0,0.09,-1.32,0.03,-4.81,10.44,-5.92,Respeck,Movement,9,s2269664,14.1,Respeck_s2269664_Movement_24-09-2022_15-59-32
1664031536849.0,0.23,-1.01,0.29,-7.61,13.38,4.02,Respeck,Movement,9,s2269664,14.1,Respeck_s2269664_Movement_24-09-2022_15-59-32
1664031536889.0,0.06,-0.65,0.2,-4.61,11.92,16.2,Respeck,Movement,9,s2269664,14.1,Respeck_s2269664_Movement_24-09-2022_15-59-32
1664031536934.0,-0.04,-0.48,0.07,-4.84,1.64,9.8,Respeck,Movement,9,s2269664,14.1,Respeck_s2269664_Movement_24-09-2022_15-59-32
1664031537011.0,0.13,-0.55,0.02,3.17,-5.41,7.0,Respeck,Movement,9,s2269664,14.1,Respeck_s2269664_Movement_24-09-2022_15-59-32
1664031537015.0,0.06,-0.74,0.15,11.03,-13.13,5.78,Respeck,Movement,9,s2269664,14.1,Respeck_s2269664_Movement_24-09-2022_15-59-32
1664031537056.0,0.0,-0.95,0.21,8.95,-16.31,10.19,Respeck,Movement,9,s2269664,14.1,Respeck_s2269664_Movement_24-09-2022_15-59-32
1664031537085.0,0.08,-0.95,0.28,3.97,-20.11,9.23,Respeck,Movement,9,s2269664,14.1,Respeck_s2269664_Movement_24-09-2022_15-59-32
1664031537130.0,-0.03,-1.08,0.33,3.84,-18.77,7.72,Respeck,Movement,9,s2269664,14.1,Respeck_s2269664_Movement_24-09-2022_15-59-32
1664031537176.0,-0.03,-1.29,0.19,2.38,3.17,3.13,Respeck,Movement,9,s2269664,14.1,Respeck_s2269664_Movement_24-09-2022_15-59-32
1664031537206.0,0.21,-1.45,0.47,-1.94,-9.48,13.06,Respeck,Movement,9,s2269664,14.1,Respeck_s2269664_Movement_24-09-2022_15-59-32
1664031537249.0,0.5,-1.33,0.02,0.86,-16.03,13.45,Respeck,Movement,9,s2269664,14.1,Respeck_s2269664_Movement_24-09-2022_15-59-32
1664031537295.0,0.57,-0.73,-0.17,7.19,-26.38,11.36,Respeck,Movement,9,s2269664,14.1,Respeck_s2269664_Movement_24-09-2022_15-59-32
1664031537339.0,0.31,-1.12,-0.04,7.2,-24.27,-0.36,Respeck,Movement,9,s2269664,14.1,Respeck_s2269664_Movement_24-09-2022_15-59-32
1664031537369.0,0.15,-1.29,0.09,-1.84,-20.64,-8.67,Respeck,Movement,9,s2269664,14.1,Respeck_s2269664_Movement_24-09-2022_15-59-32
1664031537418.0,0.05,-0.94,0.09,-6.31,-7.08,-9.91,Respeck,Movement,9,s2269664,14.1,Respeck_s2269664_Movement_24-09-2022_15-59-32
1664031537445.0,0.09,-0.68,0.21,-3.53,-4.34,-8.25,Respeck,Movement,9,s2269664,14.1,Respeck_s2269664_Movement_24-09-2022_15-59-32
1664031537488.0,0.1,-0.57,0.21,-1.8,1.8,-5.89,Respeck,Movement,9,s2269664,14.1,Respeck_s2269664_Movement_24-09-2022_15-59-32
1664031537537.0,0.17,-0.55,0.24,3.39,0.61,-3.36,Respeck,Movement,9,s2269664,14.1,Respeck_s2269664_Movement_24-09-2022_15-59-32
1664031537565.0,0.14,-0.65,0.28,5.02,6.92,-6.3,Respeck,Movement,9,s2269664,14.1,Respeck_s2269664_Movement_24-09-2022_15-59-32
1664031537611.0,0.07,-0.78,0.33,8.69,10.0,-5.39,Respeck,Movement,9,s2269664,14.1,Respeck_s2269664_Movement_24-09-2022_15-59-32
1664031537639.0,0.12,-0.84,0.3,9.72,12.16,-5.91,Respeck,Movement,9,s2269664,14.1,Respeck_s2269664_Movement_24-09-2022_15-59-32
1664031537687.0,0.16,-1.01,0.19,9.34,0.38,-11.66,Respeck,Movement,9,s2269664,14.1,Respeck_s2269664_Movement_24-09-2022_15-59-32
1664031537730.0,0.59,-1.26,0.49,5.33,-19.05,-6.22,Respeck,Movement,9,s2269664,14.1,Respeck_s2269664_Movement_24-09-2022_15-59-32
1664031537759.0,-0.42,-1.62,0.24,2.81,-22.36,-20.58,Respeck,Movement,9,s2269664,14.1,Respeck_s2269664_Movement_24-09-2022_15-59-32
1664031537804.0,-0.08,-1.29,-0.18,-12.56,-0.11,-38.53,Respeck,Movement,9,s2269664,14.1,Respeck_s2269664_Movement_24-09-2022_15-59-32
1664031537849.0,0.48,-0.92,-0.05,-11.0,4.7,-1.05,Respeck,Movement,9,s2269664,14.1,Respeck_s2269664_Movement_24-09-2022_15-59-32
1664031537878.0,0.54,-1.23,0.01,5.72,-13.33,20.97,Respeck,Movement,9,s2269664,14.1,Respeck_s2269664_Movement_24-09-2022_15-59-32
1664031537924.0,0.23,-1.26,0.06,5.89,-18.22,6.36,Respeck,Movement,9,s2269664,14.1,Respeck_s2269664_Movement_24-09-2022_15-59-32
1664031537954.0,0.08,-0.94,0.17,1.67,-9.81,12.94,Respeck,Movement,9,s2269664,14.1,Respeck_s2269664_Movement_24-09-2022_15-59-32
1664031537999.0,0.07,-0.62,0.12,0.17,-18.66,11.7,Respeck,Movement,9,s2269664,14.1,Respeck_s2269664_Movement_24-09-2022_15-59-32
1664031538045.0,0.08,-0.53,0.02,3.2,-33.0,7.5,Respeck,Movement,9,s2269664,14.1,Respeck_s2269664_Movement_24-09-2022_15-59-32
1664031538077.0,0.15,-0.69,0.09,13.23,-41.27,8.27,Respeck,Movement,9,s2269664,14.1,Respeck_s2269664_Movement_24-09-2022_15-59-32
1664031538118.0,-0.03,-0.9,0.15,7.09,-34.95,6.84,Respeck,Movement,9,s2269664,14.1,Respeck_s2269664_Movement_24-09-2022_15-59-32
1664031538165.0,0.0,-0.96,0.19,3.61,-33.61,12.44,Respeck,Movement,9,s2269664,14.1,Respeck_s2269664_Movement_24-09-2022_15-59-32
1664031538197.0,0.14,-0.92,0.27,-1.13,-28.78,16.48,Respeck,Movement,9,s2269664,14.1,Respeck_s2269664_Movement_24-09-2022_15-59-32
1664031538243.0,-0.03,-1.07,0.31,1.73,-27.86,11.59,Respeck,Movement,9,s2269664,14.1,Respeck_s2269664_Movement_24-09-2022_15-59-32
1664031538269.0,-0.32,-1.24,0.08,-0.81,-1.91,-1.28,Respeck,Movement,9,s2269664,14.1,Respeck_s2269664_Movement_24-09-2022_15-59-32
1664031538318.0,0.4,-1.23,0.35,-5.0,-23.55,11.88,Respeck,Movement,9,s2269664,14.1,Respeck_s2269664_Movement_24-09-2022_15-59-32
1664031538377.0,0.58,-1.52,0.16,-0.88,-16.69,22.56,Respeck,Movement,9,s2269664,14.1,Respeck_s2269664_Movement_24-09-2022_15-59-32
1664031538389.0,0.67,-0.74,-0.14,13.28,-36.59,18.03,Respeck,Movement,9,s2269664,14.1,Respeck_s2269664_Movement_24-09-2022_15-59-32
1664031538438.0,0.27,-0.92,-0.13,15.36,-47.58,0.0,Respeck,Movement,9,s2269664,14.1,Respeck_s2269664_Movement_24-09-2022_15-59-32
1664031538478.0,0.36,-1.27,0.08,8.25,-42.95,0.17,Respeck,Movement,9,s2269664,14.1,Respeck_s2269664_Movement_24-09-2022_15-59-32
1664031538511.0,0.17,-0.99,0.12,2.34,-35.81,1.39,Respeck,Movement,9,s2269664,14.1,Respeck_s2269664_Movement_24-09-2022_15-59-32
1664031538554.0,0.21,-0.73,0.2,3.03,-32.66,-1.25,Respeck,Movement,9,s2269664,14.1,Respeck_s2269664_Movement_24-09-2022_15-59-32
1664031538599.0,0.14,-0.64,0.21,2.42,-27.55,-3.08,Respeck,Movement,9,s2269664,14.1,Respeck_s2269664_Movement_24-09-2022_15-59-32
1664031538629.0,0.18,-0.65,0.19,4.36,-23.02,-2.69,Respeck,Movement,9,s2269664,14.1,Respeck_s2269664_Movement_24-09-2022_15-59-32
1664031538679.0,0.12,-0.71,0.18,7.16,-14.84,-2.16,Respeck,Movement,9,s2269664,14.1,Respeck_s2269664_Movement_24-09-2022_15-59-32
1664031538708.0,0.17,-0.72,0.25,13.13,-6.8,1.95,Respeck,Movement,9,s2269664,14.1,Respeck_s2269664_Movement_24-09-2022_15-59-32
1664031538750.0,0.14,-0.89,0.4,10.3,-6.17,-3.02,Respeck,Movement,9,s2269664,14.1,Respeck_s2269664_Movement_24-09-2022_15-59-32
1664031538798.0,0.11,-0.97,0.29,7.64,-8.67,-8.98,Respeck,Movement,9,s2269664,14.1,Respeck_s2269664_Movement_24-09-2022_15-59-32
1664031538829.0,0.41,-1.03,0.05,9.08,-23.23,-3.78,Respeck,Movement,9,s2269664,14.1,Respeck_s2269664_Movement_24-09-2022_15-59-32
1664031538870.0,0.36,-1.45,0.69,-1.45,-19.0,-5.84,Respeck,Movement,9,s2269664,14.1,Respeck_s2269664_Movement_24-09-2022_15-59-32
1664031538918.0,-0.29,-1.52,-0.02,-10.36,-20.98,-31.09,Respeck,Movement,9,s2269664,14.1,Respeck_s2269664_Movement_24-09-2022_15-59-32
1664031538951.0,0.44,-1.07,-0.09,-11.56,-6.84,-21.2,Respeck,Movement,9,s2269664,14.1,Respeck_s2269664_Movement_24-09-2022_15-59-32
1664031538989.0,0.4,-0.81,0.04,-4.27,-6.91,13.97,Respeck,Movement,9,s2269664,14.1,Respeck_s2269664_Movement_24-09-2022_15-59-32
1664031539037.0,0.3,-1.16,-0.08,1.63,-11.88,3.34,Respeck,Movement,9,s2269664,14.1,Respeck_s2269664_Movement_24-09-2022_15-59-32
1664031539080.0,0.18,-1.18,0.08,-1.22,-19.81,-0.22,Respeck,Movement,9,s2269664,14.1,Respeck_s2269664_Movement_24-09-2022_15-59-32
1664031539112.0,0.2,-0.95,0.2,-0.44,-18.55,14.2,Respeck,Movement,9,s2269664,14.1,Respeck_s2269664_Movement_24-09-2022_15-59-32
1664031539157.0,0.04,-0.66,0.12,0.47,-21.84,10.92,Respeck,Movement,9,s2269664,14.1,Respeck_s2269664_Movement_24-09-2022_15-59-32
1664031539185.0,0.05,-0.58,0.04,6.17,-27.23,8.11,Respeck,Movement,9,s2269664,14.1,Respeck_s2269664_Movement_24-09-2022_15-59-32
1664031539230.0,0.16,-0.71,0.09,13.88,-32.41,9.48,Respeck,Movement,9,s2269664,14.1,Respeck_s2269664_Movement_24-09-2022_15-59-32
1664031539261.0,0.08,-0.84,0.13,15.73,-33.97,11.06,Respeck,Movement,9,s2269664,14.1,Respeck_s2269664_Movement_24-09-2022_15-59-32
1664031539306.0,0.08,-0.93,0.18,13.16,-32.36,8.97,Respeck,Movement,9,s2269664,14.1,Respeck_s2269664_Movement_24-09-2022_15-59-32
1664031539349.0,0.13,-0.99,0.31,6.8,-32.47,11.17,Respeck,Movement,9,s2269664,14.1,Respeck_s2269664_Movement_24-09-2022_15-59-32
1664031539378.0,0.0,-1.2,0.26,1.97,-24.42,8.27,Respeck,Movement,9,s2269664,14.1,Respeck_s2269664_Movement_24-09-2022_15-59-32
1664031539425.0,-0.12,-1.29,0.14,-2.28,-4.06,-3.39,Respeck,Movement,9,s2269664,14.1,Respeck_s2269664_Movement_24-09-2022_15-59-32
1664031539471.0,0.29,-1.34,0.15,-6.77,-18.63,13.06,Respeck,Movement,9,s2269664,14.1,Respeck_s2269664_Movement_24-09-2022_15-59-32
1664031539498.0,0.92,-1.26,0.2,9.08,-13.92,21.17,Respeck,Movement,9,s2269664,14.1,Respeck_s2269664_Movement_24-09-2022_15-59-32
1664031539548.0,0.4,-0.74,-0.43,2.89,-38.77,8.95,Respeck,Movement,9,s2269664,14.1,Respeck_s2269664_Movement_24-09-2022_15-59-32
1664031539589.0,0.29,-1.03,-0.1,9.34,-35.64,-6.28,Respeck,Movement,9,s2269664,14.1,Respeck_s2269664_Movement_24-09-2022_15-59-32
1664031539619.0,0.33,-1.34,0.08,-1.34,-36.94,-4.66,Respeck,Movement,9,s2269664,14.1,Respeck_s2269664_Movement_24-09-2022_15-59-32
1664031539664.0,0.11,-0.88,0.08,-6.8,-29.05,-7.8,Respeck,Movement,9,s2269664,14.1,Respeck_s2269664_Movement_24-09-2022_15-59-32
1664031539695.0,0.1,-0.62,0.16,-2.53,-22.09,-8.03,Respeck,Movement,9,s2269664,14.1,Respeck_s2269664_Movement_24-09-2022_15-59-32
1664031539740.0,0.1,-0.55,0.21,0.3,-14.25,-5.81,Respeck,Movement,9,s2269664,14.1,Respeck_s2269664_Movement_24-09-2022_15-59-32
1664031539785.0,0.1,-0.58,0.18,5.16,-9.23,-5.64,Respeck,Movement,9,s2269664,14.1,Respeck_s2269664_Movement_24-09-2022_15-59-32
1664031539815.0,0.18,-0.62,0.19,10.41,-5.23,-3.94,Respeck,Movement,9,s2269664,14.1,Respeck_s2269664_Movement_24-09-2022_15-59-32
1664031539862.0,0.15,-0.78,0.36,8.72,-0.16,-3.31,Respeck,Movement,9,s2269664,14.1,Respeck_s2269664_Movement_24-09-2022_15-59-32
1664031539906.0,-0.01,-1.02,0.36,7.11,-1.27,-9.16,Respeck,Movement,9,s2269664,14.1,Respeck_s2269664_Movement_24-09-2022_15-59-32
1664031539934.0,0.25,-1.11,0.06,5.58,-10.38,-13.23,Respeck,Movement,9,s2269664,14.1,Respeck_s2269664_Movement_24-09-2022_15-59-32
1664031539979.0,0.56,-1.33,0.63,5.09,-16.53,-2.55,Respeck,Movement,9,s2269664,14.1,Respeck_s2269664_Movement_24-09-2022_15-59-32
1664031540026.0,-0.35,-1.68,0.09,-3.25,-16.88,-18.63,Respeck,Movement,9,s2269664,14.1,Respeck_s2269664_Movement_24-09-2022_15-59-32
1664031540054.0,0.24,-1.1,-0.36,-13.95,-4.05,-22.56,Respeck,Movement,9,s2269664,14.1,Respeck_s2269664_Movement_24-09-2022_15-59-32
1664031540099.0,0.59,-0.85,0.11,-2.33,9.2,15.98,Respeck,Movement,9,s2269664,14.1,Respeck_s2269664_Movement_24-09-2022_15-59-32
1664031540129.0,0.15,-1.3,-0.09,1.5,-8.48,1.2,Respeck,Movement,9,s2269664,14.1,Respeck_s2269664_Movement_24-09-2022_15-59-32
1664031540174.0,0.17,-1.28,0.04,-9.02,-7.53,-7.28,Respeck,Movement,9,s2269664,14.1,Respeck_s2269664_Movement_24-09-2022_15-59-32
1664031540220.0,0.21,-0.95,0.16,-5.06,-3.56,12.16,Respeck,Movement,9,s2269664,14.1,Respeck_s2269664_Movement_24-09-2022_15-59-32
1664031540249.0,-0.01,-0.58,0.09,-2.98,-11.23,8.81,Respeck,Movement,9,s2269664,14.1,Respeck_s2269664_Movement_24-09-2022_15-59-32
1664031540310.0,0.03,-0.48,0.02,1.2,-21.34,6.25,Respeck,Movement,9,s2269664,14.1,Respeck_s2269664_Movement_24-09-2022_15-59-32
1664031540339.0,0.1,-0.64,0.01,6.67,-25.97,9.16,Respeck,Movement,9,s2269664,14.1,Respeck_s2269664_Movement_24-09-2022_15-59-32
1664031540368.0,0.03,-0.78,0.05,10.42,-28.52,8.53,Respeck,Movement,9,s2269664,14.1,Respeck_s2269664_Movement_24-09-2022_15-59-32
1664031540414.0,0.05,-0.92,0.13,6.81,-30.09,10.58,Respeck,Movement,9,s2269664,14.1,Respeck_s2269664_Movement_24-09-2022_15-59-32
1664031540460.0,0.17,-1.0,0.29,2.83,-33.78,14.58,Respeck,Movement,9,s2269664,14.1,Respeck_s2269664_Movement_24-09-2022_15-59-32
1664031540491.0,-0.06,-1.18,0.23,3.95,-25.94,11.45,Respeck,Movement,9,s2269664,14.1,Respeck_s2269664_Movement_24-09-2022_15-59-32
1664031540537.0,-0.08,-1.27,0.2,-0.98,-3.75,1.64,Respeck,Movement,9,s2269664,14.1,Respeck_s2269664_Movement_24-09-2022_15-59-32
1664031540569.0,0.15,-1.4,0.33,-6.59,-12.38,14.94,Respeck,Movement,9,s2269664,14.1,Respeck_s2269664_Movement_24-09-2022_15-59-32
1664031540610.0,0.6,-1.28,0.04,-2.81,-14.48,14.7,Respeck,Movement,9,s2269664,14.1,Respeck_s2269664_Movement_24-09-2022_15-59-32
1664031540655.0,0.55,-0.71,-0.3,5.56,-34.17,11.64,Respeck,Movement,9,s2269664,14.1,Respeck_s2269664_Movement_24-09-2022_15-59-32
1664031540686.0,0.33,-1.01,-0.14,12.34,-35.56,-4.69,Respeck,Movement,9,s2269664,14.1,Respeck_s2269664_Movement_24-09-2022_15-59-32
1664031540728.0,0.36,-1.44,0.1,0.03,-31.31,-5.95,Respeck,Movement,9,s2269664,14.1,Respeck_s2269664_Movement_24-09-2022_15-59-32
1664031540778.0,0.08,-1.01,0.06,-14.56,-15.83,-7.22,Respeck,Movement,9,s2269664,14.1,Respeck_s2269664_Movement_24-09-2022_15-59-32
1664031540820.0,0.21,-0.65,0.12,-5.98,-14.8,-7.33,Respeck,Movement,9,s2269664,14.1,Respeck_s2269664_Movement_24-09-2022_15-59-32
1664031540850.0,0.18,-0.56,0.19,-2.44,-12.34,-3.42,Respeck,Movement,9,s2269664,14.1,Respeck_s2269664_Movement_24-09-2022_15-59-32
1664031540893.0,0.11,-0.6,0.16,2.8,-12.63,-5.67,Respeck,Movement,9,s2269664,14.1,Respeck_s2269664_Movement_24-09-2022_15-59-32
1664031540928.0,0.1,-0.66,0.18,3.8,-7.48,-7.95,Respeck,Movement,9,s2269664,14.1,Respeck_s2269664_Movement_24-09-2022_15-59-32
1664031540969.0,0.1,-0.79,0.32,3.48,-2.33,-6.17,Respeck,Movement,9,s2269664,14.1,Respeck_s2269664_Movement_24-09-2022_15-59-32
1664031540999.0,-0.02,-0.85,0.41,4.19,2.73,-9.98,Respeck,Movement,9,s2269664,14.1,Respeck_s2269664_Movement_24-09-2022_15-59-32
1664031541046.0,0.03,-0.92,0.23,-0.7,3.48,-12.92,Respeck,Movement,9,s2269664,14.1,Respeck_s2269664_Movement_24-09-2022_15-59-32
1664031541088.0,0.4,-1.04,0.01,7.66,-16.44,-7.58,Respeck,Movement,9,s2269664,14.1,Respeck_s2269664_Movement_24-09-2022_15-59-32
1664031541119.0,0.08,-1.15,0.49,11.78,-15.31,-7.2,Respeck,Movement,9,s2269664,14.1,Respeck_s2269664_Movement_24-09-2022_15-59-32
1664031541166.0,-0.54,-1.44,-0.28,-4.52,-11.16,-38.88,Respeck,Movement,9,s2269664,14.1,Respeck_s2269664_Movement_24-09-2022_15-59-32
1664031541208.0,0.46,-1.07,-0.24,2.98,-7.86,-19.56,Respeck,Movement,9,s2269664,14.1,Respeck_s2269664_Movement_24-09-2022_15-59-32
1664031541238.0,0.39,-1.26,0.16,13.41,-0.58,17.25,Respeck,Movement,9,s2269664,14.1,Respeck_s2269664_Movement_24-09-2022_15-59-32
1664031541285.0,0.06,-1.37,-0.09,0.16,-9.72,-3.77,Respeck,Movement,9,s2269664,14.1,Respeck_s2269664_Movement_24-09-2022_15-59-32
1664031541332.0,0.09,-1.26,0.0,0.16,-8.06,-2.91,Respeck,Movement,9,s2269664,14.1,Respeck_s2269664_Movement_24-09-2022_15-59-32
1664031541364.0,0.24,-1.03,0.09,2.91,-18.95,11.34,Respeck,Movement,9,s2269664,14.1,Respeck_s2269664_Movement_24-09-2022_15-59-32
1664031541410.0,0.16,-0.7,0.0,5.31,-37.59,9.42,Respeck,Movement,9,s2269664,14.1,Respeck_s2269664_Movement_24-09-2022_15-59-32
1664031541448.0,0.08,-0.71,-0.11,9.89,-49.23,7.36,Respeck,Movement,9,s2269664,14.1,Respeck_s2269664_Movement_24-09-2022_15-59-32
1664031541478.0,0.09,-0.72,-0.17,11.28,-57.42,9.09,Respeck,Movement,9,s2269664,14.1,Respeck_s2269664_Movement_24-09-2022_15-59-32
1664031541527.0,0.15,-0.75,-0.17,22.92,-70.91,13.44,Respeck,Movement,9,s2269664,14.1,Respeck_s2269664_Movement_24-09-2022_15-59-32
1664031541555.0,0.15,-0.77,-0.22,24.52,-78.19,17.83,Respeck,Movement,9,s2269664,14.1,Respeck_s2269664_Movement_24-09-2022_15-59-32
1664031541599.0,0.01,-0.85,-0.1,26.84,-86.61,18.27,Respeck,Movement,9,s2269664,14.1,Respeck_s2269664_Movement_24-09-2022_15-59-32
1664031541647.0,-0.12,-1.06,-0.15,20.75,-89.31,11.44,Respeck,Movement,9,s2269664,14.1,Respeck_s2269664_Movement_24-09-2022_15-59-32
1664031541680.0,-0.07,-1.02,-0.26,25.89,-82.45,13.52,Respeck,Movement,9,s2269664,14.1,Respeck_s2269664_Movement_24-09-2022_15-59-32
1664031541719.0,0.11,-0.84,-0.19,37.19,-81.23,25.77,Respeck,Movement,9,s2269664,14.1,Respeck_s2269664_Movement_24-09-2022_15-59-32
1664031541764.0,0.12,-0.76,-0.33,50.39,-81.44,29.77,Respeck,Movement,9,s2269664,14.1,Respeck_s2269664_Movement_24-09-2022_15-59-32
1664031541797.0,0.62,-0.91,0.02,69.41,-51.34,34.31,Respeck,Movement,9,s2269664,14.1,Respeck_s2269664_Movement_24-09-2022_15-59-32
1664031541839.0,0.5,-1.04,-0.41,54.64,-66.47,28.3,Respeck,Movement,9,s2269664,14.1,Respeck_s2269664_Movement_24-09-2022_15-59-32
1664031541918.0,0.43,-1.18,-0.26,53.33,-42.94,11.92,Respeck,Movement,9,s2269664,14.1,Respeck_s2269664_Movement_24-09-2022_15-59-32
1664031541921.0,0.63,-0.85,-0.25,53.86,-29.3,16.73,Respeck,Movement,9,s2269664,14.1,Respeck_s2269664_Movement_24-09-2022_15-59-32
1664031541959.0,0.51,-0.66,-0.26,58.7,-38.36,12.92,Respeck,Movement,9,s2269664,14.1,Respeck_s2269664_Movement_24-09-2022_15-59-32
1664031541991.0,0.56,-0.72,-0.24,47.86,-33.38,8.55,Respeck,Movement,9,s2269664,14.1,Respeck_s2269664_Movement_24-09-2022_15-59-32
1664031542049.0,0.47,-0.55,-0.25,43.84,-24.95,6.2,Respeck,Movement,9,s2269664,14.1,Respeck_s2269664_Movement_24-09-2022_15-59-32
1664031542080.0,0.54,-0.39,-0.3,43.0,-25.14,7.58,Respeck,Movement,9,s2269664,14.1,Respeck_s2269664_Movement_24-09-2022_15-59-32
1664031542110.0,0.57,-0.46,-0.28,34.36,-22.88,2.31,Respeck,Movement,9,s2269664,14.1,Respeck_s2269664_Movement_24-09-2022_15-59-32
1664031542164.0,0.41,-0.51,-0.45,33.81,-22.11,-4.05,Respeck,Movement,9,s2269664,14.1,Respeck_s2269664_Movement_24-09-2022_15-59-32
1664031542198.0,0.6,-0.44,-0.39,34.36,-20.41,-6.44,Respeck,Movement,9,s2269664,14.1,Respeck_s2269664_Movement_24-09-2022_15-59-32
1664031542229.0,0.28,-0.53,-0.51,17.75,-16.48,-12.66,Respeck,Movement,9,s2269664,14.1,Respeck_s2269664_Movement_24-09-2022_15-59-32
1664031542290.0,0.67,-0.64,-0.48,14.72,-12.14,-15.13,Respeck,Movement,9,s2269664,14.1,Respeck_s2269664_Movement_24-09-2022_15-59-32
1664031542318.0,0.76,-0.73,-0.46,11.38,-15.94,-8.63,Respeck,Movement,9,s2269664,14.1,Respeck_s2269664_Movement_24-09-2022_15-59-32
1664031542348.0,0.59,-0.6,-0.56,3.95,-22.03,-20.81,Respeck,Movement,9,s2269664,14.1,Respeck_s2269664_Movement_24-09-2022_15-59-32
1664031542398.0,0.71,-0.7,-0.49,-2.58,-21.41,-21.56,Respeck,Movement,9,s2269664,14.1,Respeck_s2269664_Movement_24-09-2022_15-59-32
1664031542424.0,0.54,-0.85,-0.55,-7.81,-17.59,-25.05,Respeck,Movement,9,s2269664,14.1,Respeck_s2269664_Movement_24-09-2022_15-59-32
1664031542469.0,0.65,-0.7,-0.5,-12.8,-9.28,-25.45,Respeck,Movement,9,s2269664,14.1,Respeck_s2269664_Movement_24-09-2022_15-59-32
1664031542514.0,0.59,-0.78,-0.47,-22.0,-7.45,-27.89,Respeck,Movement,9,s2269664,14.1,Respeck_s2269664_Movement_24-09-2022_15-59-32
1664031542543.0,0.48,-0.64,-0.36,-29.27,3.25,-33.83,Respeck,Movement,9,s2269664,14.1,Respeck_s2269664_Movement_24-09-2022_15-59-32
1664031542590.0,0.37,-0.6,-0.46,-38.23,-6.61,-36.52,Respeck,Movement,9,s2269664,14.1,Respeck_s2269664_Movement_24-09-2022_15-59-32
1664031542637.0,0.7,-1.21,-0.39,-59.88,-27.64,-44.89,Respeck,Movement,9,s2269664,14.1,Respeck_s2269664_Movement_24-09-2022_15-59-32
1664031542665.0,0.86,-2.0,-0.47,-30.27,-2.14,-40.52,Respeck,Movement,9,s2269664,14.1,Respeck_s2269664_Movement_24-09-2022_15-59-32
1664031542710.0,0.43,-1.41,-0.1,-33.89,24.52,-22.78,Respeck,Movement,9,s2269664,14.1,Respeck_s2269664_Movement_24-09-2022_15-59-32
1664031542770.0,0.14,-0.83,0.02,-20.97,18.13,-21.19,Respeck,Movement,9,s2269664,14.1,Respeck_s2269664_Movement_24-09-2022_15-59-32
1664031542787.0,0.11,-0.65,-0.06,-20.67,10.58,-25.16,Respeck,Movement,9,s2269664,14.1,Respeck_s2269664_Movement_24-09-2022_15-59-32
1664031542830.0,0.16,-0.47,0.02,-27.86,2.91,-22.8,Respeck,Movement,9,s2269664,14.1,Respeck_s2269664_Movement_24-09-2022_15-59-32
1664031542859.0,0.05,-0.7,-0.02,-35.08,-0.89,-27.47,Respeck,Movement,9,s2269664,14.1,Respeck_s2269664_Movement_24-09-2022_15-59-32
1664031542908.0,0.13,-0.93,-0.02,-22.3,-4.22,-25.39,Respeck,Movement,9,s2269664,14.1,Respeck_s2269664_Movement_24-09-2022_15-59-32
1664031542950.0,0.27,-1.08,-0.05,-19.09,-11.2,-23.03,Respeck,Movement,9,s2269664,14.1,Respeck_s2269664_Movement_24-09-2022_15-59-32
1664031542980.0,0.05,-1.15,0.07,-11.14,-4.44,-19.17,Respeck,Movement,9,s2269664,14.1,Respeck_s2269664_Movement_24-09-2022_15-59-32
1664031543025.0,-0.04,-1.06,0.11,-4.75,-3.64,-12.33,Respeck,Movement,9,s2269664,14.1,Respeck_s2269664_Movement_24-09-2022_15-59-32
1664031543086.0,-0.14,-1.1,0.16,-7.67,3.22,-7.52,Respeck,Movement,9,s2269664,14.1,Respeck_s2269664_Movement_24-09-2022_15-59-32
1664031543099.0,-0.04,-1.03,0.16,2.89,12.61,-4.3,Respeck,Movement,9,s2269664,14.1,Respeck_s2269664_Movement_24-09-2022_15-59-32
1664031543143.0,0.01,-0.99,0.17,-2.25,9.3,2.95,Respeck,Movement,9,s2269664,14.1,Respeck_s2269664_Movement_24-09-2022_15-59-32
1664031543190.0,-0.02,-0.97,0.12,-0.06,12.14,-0.2,Respeck,Movement,9,s2269664,14.1,Respeck_s2269664_Movement_24-09-2022_15-59-32
1664031543219.0,0.02,-0.97,0.15,1.11,7.23,1.97,Respeck,Movement,9,s2269664,14.1,Respeck_s2269664_Movement_24-09-2022_15-59-32
1664031543267.0,0.05,-0.97,0.05,4.98,3.05,-0.06,Respeck,Movement,9,s2269664,14.1,Respeck_s2269664_Movement_24-09-2022_15-59-32
1664031543309.0,0.04,-0.97,0.09,5.45,2.39,5.81,Respeck,Movement,9,s2269664,14.1,Respeck_s2269664_Movement_24-09-2022_15-59-32
1664031543340.0,0.08,-1.0,-0.05,10.81,-0.98,5.66,Respeck,Movement,9,s2269664,14.1,Respeck_s2269664_Movement_24-09-2022_15-59-32
1664031543385.0,0.09,-0.93,-0.01,15.45,-0.34,9.58,Respeck,Movement,9,s2269664,14.1,Respeck_s2269664_Movement_24-09-2022_15-59-32
1664031543415.0,0.08,-0.87,-0.09,21.2,-8.66,10.97,Respeck,Movement,9,s2269664,14.1,Respeck_s2269664_Movement_24-09-2022_15-59-32
1664031543459.0,0.09,-0.82,-0.11,26.78,-14.88,14.11,Respeck,Movement,9,s2269664,14.1,Respeck_s2269664_Movement_24-09-2022_15-59-32
1664031543508.0,0.09,-0.91,0.0,17.16,-19.39,15.58,Respeck,Movement,9,s2269664,14.1,Respeck_s2269664_Movement_24-09-2022_15-59-32
1664031543550.0,0.09,-1.11,-0.13,-9.78,-19.73,5.27,Respeck,Movement,9,s2269664,14.1,Respeck_s2269664_Movement_24-09-2022_15-59-32
1664031543580.0,0.24,-1.21,-0.16,2.44,-17.81,-4.31,Respeck,Movement,9,s2269664,14.1,Respeck_s2269664_Movement_24-09-2022_15-59-32
1664031543629.0,0.28,-1.22,-0.15,5.3,-4.42,7.22,Respeck,Movement,9,s2269664,14.1,Respeck_s2269664_Movement_24-09-2022_15-59-32
1664031543655.0,0.11,-1.03,-0.11,3.55,2.48,8.86,Respeck,Movement,9,s2269664,14.1,Respeck_s2269664_Movement_24-09-2022_15-59-32
1664031543698.0,0.17,-0.89,-0.06,3.95,0.56,6.02,Respeck,Movement,9,s2269664,14.1,Respeck_s2269664_Movement_24-09-2022_15-59-32
1664031543749.0,0.21,-0.87,-0.14,2.16,2.13,4.5,Respeck,Movement,9,s2269664,14.1,Respeck_s2269664_Movement_24-09-2022_15-59-32
1664031543789.0,0.22,-0.89,-0.14,0.75,0.17,2.22,Respeck,Movement,9,s2269664,14.1,Respeck_s2269664_Movement_24-09-2022_15-59-32
1664031543820.0,0.24,-0.96,-0.14,-0.75,-1.64,-0.14,Respeck,Movement,9,s2269664,14.1,Respeck_s2269664_Movement_24-09-2022_15-59-32
1664031543849.0,0.26,-0.99,-0.16,-4.73,-0.69,-0.48,Respeck,Movement,9,s2269664,14.1,Respeck_s2269664_Movement_24-09-2022_15-59-32
1664031543894.0,0.23,-1.03,-0.15,-5.95,0.56,-0.27,Respeck,Movement,9,s2269664,14.1,Respeck_s2269664_Movement_24-09-2022_15-59-32
1664031543940.0,0.22,-1.0,-0.12,-5.41,2.89,1.55,Respeck,Movement,9,s2269664,14.1,Respeck_s2269664_Movement_24-09-2022_15-59-32
1664031543969.0,0.21,-0.99,-0.1,-3.17,1.63,2.19,Respeck,Movement,9,s2269664,14.1,Respeck_s2269664_Movement_24-09-2022_15-59-32
1664031544015.0,0.2,-0.96,-0.04,-6.94,6.73,3.58,Respeck,Movement,9,s2269664,14.1,Respeck_s2269664_Movement_24-09-2022_15-59-32
1664031544058.0,0.17,-1.0,-0.04,-9.23,5.8,-0.19,Respeck,Movement,9,s2269664,14.1,Respeck_s2269664_Movement_24-09-2022_15-59-32
1664031544090.0,0.2,-0.95,-0.06,-6.66,6.33,-0.33,Respeck,Movement,9,s2269664,14.1,Respeck_s2269664_Movement_24-09-2022_15-59-32
1664031544135.0,0.21,-0.96,-0.03,-5.59,7.36,3.11,Respeck,Movement,9,s2269664,14.1,Respeck_s2269664_Movement_24-09-2022_15-59-32
1664031544179.0,0.2,-1.0,-0.04,-1.84,4.8,2.08,Respeck,Movement,9,s2269664,14.1,Respeck_s2269664_Movement_24-09-2022_15-59-32
1664031544209.0,0.18,-0.93,-0.04,2.14,4.63,2.0,Respeck,Movement,9,s2269664,14.1,Respeck_s2269664_Movement_24-09-2022_15-59-32
1664031544256.0,0.16,-0.93,-0.05,6.88,5.2,3.8,Respeck,Movement,9,s2269664,14.1,Respeck_s2269664_Movement_24-09-2022_15-59-32
1664031544285.0,0.19,-0.99,0.0,9.66,4.52,5.66,Respeck,Movement,9,s2269664,14.1,Respeck_s2269664_Movement_24-09-2022_15-59-32
1664031544329.0,0.13,-0.98,-0.03,11.8,3.5,6.8,Respeck,Movement,9,s2269664,14.1,Respeck_s2269664_Movement_24-09-2022_15-59-32
1664031544375.0,0.15,-0.94,0.0,13.39,4.84,8.92,Respeck,Movement,9,s2269664,14.1,Respeck_s2269664_Movement_24-09-2022_15-59-32
1664031544405.0,0.14,-1.0,-0.01,11.95,7.5,9.72,Respeck,Movement,9,s2269664,14.1,Respeck_s2269664_Movement_24-09-2022_15-59-32
1664031544448.0,0.26,-0.96,-0.13,14.84,6.2,9.75,Respeck,Movement,9,s2269664,14.1,Respeck_s2269664_Movement_24-09-2022_15-59-32
1664031544494.0,0.26,-0.95,-0.11,18.77,4.67,12.98,Respeck,Movement,9,s2269664,14.1,Respeck_s2269664_Movement_24-09-2022_15-59-32
1664031544528.0,0.21,-0.93,-0.17,24.91,3.3,16.23,Respeck,Movement,9,s2269664,14.1,Respeck_s2269664_Movement_24-09-2022_15-59-32
1664031544572.0,0.26,-0.84,-0.19,25.69,2.44,17.36,Respeck,Movement,9,s2269664,14.1,Respeck_s2269664_Movement_24-09-2022_15-59-32
1664031544613.0,0.29,-0.87,-0.23,26.3,-2.3,17.55,Respeck,Movement,9,s2269664,14.1,Respeck_s2269664_Movement_24-09-2022_15-59-32
1664031544644.0,0.29,-0.9,-0.28,27.13,-0.05,17.17,Respeck,Movement,9,s2269664,14.1,Respeck_s2269664_Movement_24-09-2022_15-59-32
1664031544689.0,0.31,-0.99,-0.33,27.16,1.53,18.05,Respeck,Movement,9,s2269664,14.1,Respeck_s2269664_Movement_24-09-2022_15-59-32
1664031544720.0,0.39,-1.02,-0.46,28.77,4.2,17.33,Respeck,Movement,9,s2269664,14.1,Respeck_s2269664_Movement_24-09-2022_15-59-32
1664031544768.0,0.69,-1.08,-0.62,29.91,4.56,17.73,Respeck,Movement,9,s2269664,14.1,Respeck_s2269664_Movement_24-09-2022_15-59-32
1664031544810.0,0.72,-0.95,-0.71,27.77,-3.66,20.69,Respeck,Movement,9,s2269664,14.1,Respeck_s2269664_Movement_24-09-2022_15-59-32
1664031544839.0,0.57,-0.91,-0.74,19.2,-3.47,17.66,Respeck,Movement,9,s2269664,14.1,Respeck_s2269664_Movement_24-09-2022_15-59-32
1664031544887.0,0.59,-0.93,-0.7,10.19,-0.17,16.23,Respeck,Movement,9,s2269664,14.1,Respeck_s2269664_Movement_24-09-2022_15-59-32
1664031544929.0,0.58,-0.87,-0.69,4.81,-0.97,14.16,Respeck,Movement,9,s2269664,14.1,Respeck_s2269664_Movement_24-09-2022_15-59-32
1664031544963.0,0.6,-0.83,-0.63,0.61,0.02,11.22,Respeck,Movement,9,s2269664,14.1,Respeck_s2269664_Movement_24-09-2022_15-59-32
1664031545020.0,0.5,-0.84,-0.58,-3.45,3.95,10.77,Respeck,Movement,9,s2269664,14.1,Respeck_s2269664_Movement_24-09-2022_15-59-32
1664031545049.0,0.55,-0.8,-0.58,-11.69,3.61,6.08,Respeck,Movement,9,s2269664,14.1,Respeck_s2269664_Movement_24-09-2022_15-59-32
1664031545080.0,0.47,-0.66,-0.4,-9.94,5.02,4.11,Respeck,Movement,9,s2269664,14.1,Respeck_s2269664_Movement_24-09-2022_15-59-32
1664031545126.0,0.42,-0.69,-0.43,-16.56,4.97,2.05,Respeck,Movement,9,s2269664,14.1,Respeck_s2269664_Movement_24-09-2022_15-59-32
1664031545170.0,0.48,-0.61,-0.41,-20.0,4.8,-4.55,Respeck,Movement,9,s2269664,14.1,Respeck_s2269664_Movement_24-09-2022_15-59-32
1664031545199.0,0.47,-0.61,-0.31,-22.14,2.05,-8.17,Respeck,Movement,9,s2269664,14.1,Respeck_s2269664_Movement_24-09-2022_15-59-32
1664031545260.0,0.38,-0.62,-0.32,-26.25,1.03,-9.09,Respeck,Movement,9,s2269664,14.1,Respeck_s2269664_Movement_24-09-2022_15-59-32
1664031545277.0,0.42,-0.6,-0.34,-27.77,-1.19,-12.91,Respeck,Movement,9,s2269664,14.1,Respeck_s2269664_Movement_24-09-2022_15-59-32
1664031545322.0,0.49,-0.63,-0.28,-31.0,-3.3,-14.91,Respeck,Movement,9,s2269664,14.1,Respeck_s2269664_Movement_24-09-2022_15-59-32
1664031545365.0,0.41,-0.62,-0.3,-34.02,-6.42,-18.67,Respeck,Movement,9,s2269664,14.1,Respeck_s2269664_Movement_24-09-2022_15-59-32
1664031545398.0,0.49,-0.69,-0.19,-35.3,-11.22,-21.14,Respeck,Movement,9,s2269664,14.1,Respeck_s2269664_Movement_24-09-2022_15-59-32
1664031545441.0,0.35,-0.78,-0.12,-38.67,-15.64,-24.28,Respeck,Movement,9,s2269664,14.1,Respeck_s2269664_Movement_24-09-2022_15-59-32
1664031545488.0,0.25,-0.74,-0.12,-38.02,-13.95,-26.23,Respeck,Movement,9,s2269664,14.1,Respeck_s2269664_Movement_24-09-2022_15-59-32
1664031545516.0,0.38,-0.74,-0.01,-35.05,-14.94,-24.41,Respeck,Movement,9,s2269664,14.1,Respeck_s2269664_Movement_24-09-2022_15-59-32
1664031545558.0,0.29,-0.79,0.03,-27.88,-15.69,-20.75,Respeck,Movement,9,s2269664,14.1,Respeck_s2269664_Movement_24-09-2022_15-59-32
1664031545639.0,0.19,-0.8,0.06,-25.2,-13.8,-19.0,Respeck,Movement,9,s2269664,14.1,Respeck_s2269664_Movement_24-09-2022_15-59-32
1664031545644.0,0.2,-0.83,0.15,-23.94,-7.91,-17.25,Respeck,Movement,9,s2269664,14.1,Respeck_s2269664_Movement_24-09-2022_15-59-32
1664031545680.0,0.11,-0.78,0.15,-19.16,-2.84,-16.03,Respeck,Movement,9,s2269664,14.1,Respeck_s2269664_Movement_24-09-2022_15-59-32
1664031545710.0,0.16,-0.86,0.22,-14.56,0.34,-17.89,Respeck,Movement,9,s2269664,14.1,Respeck_s2269664_Movement_24-09-2022_15-59-32
1664031545759.0,0.09,-0.92,0.28,-7.63,0.11,-18.39,Respeck,Movement,9,s2269664,14.1,Respeck_s2269664_Movement_24-09-2022_15-59-32
1664031545799.0,0.11,-0.95,0.22,-7.59,6.95,-16.72,Respeck,Movement,9,s2269664,14.1,Respeck_s2269664_Movement_24-09-2022_15-59-32
1664031545831.0,0.12,-1.0,0.28,-4.16,3.66,-18.44,Respeck,Movement,9,s2269664,14.1,Respeck_s2269664_Movement_24-09-2022_15-59-32
1664031545879.0,0.1,-1.05,0.26,-5.45,6.69,-20.38,Respeck,Movement,9,s2269664,14.1,Respeck_s2269664_Movement_24-09-2022_15-59-32
1664031545919.0,0.07,-1.33,0.25,-8.23,5.98,-28.2,Respeck,Movement,9,s2269664,14.1,Respeck_s2269664_Movement_24-09-2022_15-59-32
1664031545950.0,0.17,-1.5,0.05,-10.67,-1.94,-28.77,Respeck,Movement,9,s2269664,14.1,Respeck_s2269664_Movement_24-09-2022_15-59-32
1664031545999.0,0.17,-1.12,0.16,-4.45,16.33,-11.67,Respeck,Movement,9,s2269664,14.1,Respeck_s2269664_Movement_24-09-2022_15-59-32
1664031546040.0,0.11,-0.65,-0.02,-10.89,20.16,-3.86,Respeck,Movement,9,s2269664,14.1,Respeck_s2269664_Movement_24-09-2022_15-59-32
1664031546070.0,0.2,-0.58,-0.06,-9.3,9.16,-1.52,Respeck,Movement,9,s2269664,14.1,Respeck_s2269664_Movement_24-09-2022_15-59-32
1664031546117.0,0.11,-0.97,-0.01,2.58,-3.97,-6.58,Respeck,Movement,9,s2269664,14.1,Respeck_s2269664_Movement_24-09-2022_15-59-32
1664031546148.0,0.05,-1.24,0.08,-0.11,-3.61,1.03,Respeck,Movement,9,s2269664,14.1,Respeck_s2269664_Movement_24-09-2022_15-59-32
1664031546189.0,-0.05,-0.99,0.19,-0.66,-0.45,4.97,Respeck,Movement,9,s2269664,14.1,Respeck_s2269664_Movement_24-09-2022_15-59-32
1664031546238.0,-0.1,-0.88,0.16,1.02,3.22,3.39,Respeck,Movement,9,s2269664,14.1,Respeck_s2269664_Movement_24-09-2022_15-59-32
1664031546264.0,0.0,-0.86,0.17,1.7,1.95,3.47,Respeck,Movement,9,s2269664,14.1,Respeck_s2269664_Movement_24-09-2022_15-59-32
1664031546309.0,0.01,-0.89,0.16,2.44,-1.08,3.53,Respeck,Movement,9,s2269664,14.1,Respeck_s2269664_Movement_24-09-2022_15-59-32
1664031546358.0,-0.03,-0.92,0.19,0.69,-5.11,5.02,Respeck,Movement,9,s2269664,14.1,Respeck_s2269664_Movement_24-09-2022_15-59-32
1664031546387.0,-0.03,-0.94,0.23,-1.08,-8.56,7.09,Respeck,Movement,9,s2269664,14.1,Respeck_s2269664_Movement_24-09-2022_15-59-32
1664031546430.0,0.02,-0.85,0.31,-2.95,-10.97,7.75,Respeck,Movement,9,s2269664,14.1,Respeck_s2269664_Movement_24-09-2022_15-59-32
1664031546474.0,0.05,-0.87,0.23,-6.97,-13.81,11.27,Respeck,Movement,9,s2269664,14.1,Respeck_s2269664_Movement_24-09-2022_15-59-32
1664031546509.0,0.05,-0.97,0.27,-3.23,-17.33,10.56,Respeck,Movement,9,s2269664,14.1,Respeck_s2269664_Movement_24-09-2022_15-59-32
1664031546568.0,-0.08,-1.11,0.18,2.75,-10.22,8.81,Respeck,Movement,9,s2269664,14.1,Respeck_s2269664_Movement_24-09-2022_15-59-32
1664031546578.0,0.06,-1.34,0.36,-9.34,-11.36,7.52,Respeck,Movement,9,s2269664,14.1,Respeck_s2269664_Movement_24-09-2022_15-59-32
1664031546625.0,0.26,-1.68,0.33,-7.72,-10.45,8.28,Respeck,Movement,9,s2269664,14.1,Respeck_s2269664_Movement_24-09-2022_15-59-32
1664031546670.0,0.33,-0.95,-0.13,-9.8,-19.95,13.31,Respeck,Movement,9,s2269664,14.1,Respeck_s2269664_Movement_24-09-2022_15-59-32
1664031546698.0,0.35,-0.57,-0.12,6.33,-21.48,10.19,Respeck,Movement,9,s2269664,14.1,Respeck_s2269664_Movement_24-09-2022_15-59-32
1664031546774.0,0.2,-0.92,0.14,10.3,-22.55,4.63,Respeck,Movement,9,s2269664,14.1,Respeck_s2269664_Movement_24-09-2022_15-59-32
1664031546789.0,0.08,-0.97,0.11,-1.5,-19.22,-1.16,Respeck,Movement,9,s2269664,14.1,Respeck_s2269664_Movement_24-09-2022_15-59-32
1664031546819.0,0.08,-0.88,0.13,-6.63,-11.44,-5.41,Respeck,Movement,9,s2269664,14.1,Respeck_s2269664_Movement_24-09-2022_15-59-32
1664031546866.0,0.09,-0.78,0.19,-0.73,-5.97,-2.69,Respeck,Movement,9,s2269664,14.1,Respeck_s2269664_Movement_24-09-2022_15-59-32
1664031546914.0,0.09,-0.87,0.24,2.92,-3.39,-4.14,Respeck,Movement,9,s2269664,14.1,Respeck_s2269664_Movement_24-09-2022_15-59-32
1664031546939.0,0.11,-0.91,0.26,3.63,-1.16,-6.67,Respeck,Movement,9,s2269664,14.1,Respeck_s2269664_Movement_24-09-2022_15-59-32
1664031546983.0,0.16,-0.87,0.28,5.31,-1.58,-3.53,Respeck,Movement,9,s2269664,14.1,Respeck_s2269664_Movement_24-09-2022_15-59-32
1664031547029.0,0.11,-0.83,0.3,6.08,0.14,-3.16,Respeck,Movement,9,s2269664,14.1,Respeck_s2269664_Movement_24-09-2022_15-59-32
1664031547058.0,0.08,-0.8,0.36,7.72,-2.3,-5.02,Respeck,Movement,9,s2269664,14.1,Respeck_s2269664_Movement_24-09-2022_15-59-32
1664031547104.0,0.03,-0.82,0.31,1.72,3.13,-9.77,Respeck,Movement,9,s2269664,14.1,Respeck_s2269664_Movement_24-09-2022_15-59-32
1664031547136.0,0.07,-0.95,0.2,2.02,-0.98,-10.3,Respeck,Movement,9,s2269664,14.1,Respeck_s2269664_Movement_24-09-2022_15-59-32
1664031547180.0,0.33,-0.97,0.24,2.52,-9.73,-3.42,Respeck,Movement,9,s2269664,14.1,Respeck_s2269664_Movement_24-09-2022_15-59-32
1664031547228.0,-0.16,-1.18,0.46,6.22,-5.02,-13.05,Respeck,Movement,9,s2269664,14.1,Respeck_s2269664_Movement_24-09-2022_15-59-32
1664031547275.0,-0.29,-1.49,-0.1,-1.58,-4.58,-37.72,Respeck,Movement,9,s2269664,14.1,Respeck_s2269664_Movement_24-09-2022_15-59-32
1664031547298.0,0.34,-1.32,-0.16,3.88,-5.42,-21.36,Respeck,Movement,9,s2269664,14.1,Respeck_s2269664_Movement_24-09-2022_15-59-32
1664031547344.0,0.23,-0.93,0.27,12.25,12.8,14.91,Respeck,Movement,9,s2269664,14.1,Respeck_s2269664_Movement_24-09-2022_15-59-32
1664031547374.0,0.1,-0.87,-0.11,-2.3,-3.77,1.58,Respeck,Movement,9,s2269664,14.1,Respeck_s2269664_Movement_24-09-2022_15-59-32
1664031547419.0,0.29,-1.11,-0.07,-0.03,-12.48,-0.08,Respeck,Movement,9,s2269664,14.1,Respeck_s2269664_Movement_24-09-2022_15-59-32
1664031547479.0,0.35,-1.08,0.06,8.52,-24.61,13.14,Respeck,Movement,9,s2269664,14.1,Respeck_s2269664_Movement_24-09-2022_15-59-32
1664031547495.0,0.02,-0.92,0.02,7.52,-33.14,13.27,Respeck,Movement,9,s2269664,14.1,Respeck_s2269664_Movement_24-09-2022_15-59-32
1664031547540.0,-0.09,-0.83,-0.05,0.78,-35.77,4.8,Respeck,Movement,9,s2269664,14.1,Respeck_s2269664_Movement_24-09-2022_15-59-32
1664031547573.0,0.13,-0.87,-0.09,4.36,-47.25,4.7,Respeck,Movement,9,s2269664,14.1,Respeck_s2269664_Movement_24-09-2022_15-59-32
1664031547615.0,0.11,-0.89,-0.09,13.53,-56.59,10.52,Respeck,Movement,9,s2269664,14.1,Respeck_s2269664_Movement_24-09-2022_15-59-32
1664031547659.0,-0.01,-0.94,-0.11,15.3,-66.63,12.61,Respeck,Movement,9,s2269664,14.1,Respeck_s2269664_Movement_24-09-2022_15-59-32
1664031547689.0,0.04,-0.96,-0.08,13.83,-70.55,12.95,Respeck,Movement,9,s2269664,14.1,Respeck_s2269664_Movement_24-09-2022_15-59-32
1664031547738.0,-0.01,-0.96,-0.06,17.59,-76.13,14.97,Respeck,Movement,9,s2269664,14.1,Respeck_s2269664_Movement_24-09-2022_15-59-32
1664031547780.0,-0.03,-0.87,-0.15,21.45,-75.39,19.34,Respeck,Movement,9,s2269664,14.1,Respeck_s2269664_Movement_24-09-2022_15-59-32
1664031547810.0,-0.02,-0.93,-0.18,30.16,-82.06,22.66,Respeck,Movement,9,s2269664,14.1,Respeck_s2269664_Movement_24-09-2022_15-59-32
1664031547854.0,-0.03,-0.9,-0.23,32.06,-79.63,23.92,Respeck,Movement,9,s2269664,14.1,Respeck_s2269664_Movement_24-09-2022_15-59-32
1664031547899.0,0.08,-0.88,-0.31,41.27,-75.09,29.13,Respeck,Movement,9,s2269664,14.1,Respeck_s2269664_Movement_24-09-2022_15-59-32
1664031547929.0,0.26,-0.92,-0.04,52.42,-60.33,33.11,Respeck,Movement,9,s2269664,14.1,Respeck_s2269664_Movement_24-09-2022_15-59-32
1664031547979.0,0.1,-1.34,-0.4,58.64,-46.19,27.83,Respeck,Movement,9,s2269664,14.1,Respeck_s2269664_Movement_24-09-2022_15-59-32
1664031548005.0,0.79,-0.89,-0.2,66.95,-47.66,35.17,Respeck,Movement,9,s2269664,14.1,Respeck_s2269664_Movement_24-09-2022_15-59-32
1664031548048.0,0.5,-0.97,-0.19,51.81,-40.91,27.31,Respeck,Movement,9,s2269664,14.1,Respeck_s2269664_Movement_24-09-2022_15-59-32
1664031548095.0,0.72,-0.93,-0.2,44.63,-43.55,2.83,Respeck,Movement,9,s2269664,14.1,Respeck_s2269664_Movement_24-09-2022_15-59-32
1664031548127.0,0.6,-0.73,-0.23,45.13,-53.42,2.28,Respeck,Movement,9,s2269664,14.1,Respeck_s2269664_Movement_24-09-2022_15-59-32
1664031548174.0,0.43,-0.74,-0.28,40.17,-57.97,-4.92,Respeck,Movement,9,s2269664,14.1,Respeck_s2269664_Movement_24-09-2022_15-59-32
1664031548215.0,0.57,-0.7,-0.17,39.75,-50.16,-7.11,Respeck,Movement,9,s2269664,14.1,Respeck_s2269664_Movement_24-09-2022_15-59-32
1664031548247.0,0.46,-0.64,-0.28,43.33,-53.73,-8.86,Respeck,Movement,9,s2269664,14.1,Respeck_s2269664_Movement_24-09-2022_15-59-32
1664031548289.0,0.55,-0.65,-0.34,47.16,-51.17,-12.67,Respeck,Movement,9,s2269664,14.1,Respeck_s2269664_Movement_24-09-2022_15-59-32
1664031548334.0,0.5,-0.69,-0.33,47.56,-46.38,-13.52,Respeck,Movement,9,s2269664,14.1,Respeck_s2269664_Movement_24-09-2022_15-59-32
1664031548369.0,0.43,-0.65,-0.41,48.91,-38.17,-15.58,Respeck,Movement,9,s2269664,14.1,Respeck_s2269664_Movement_24-09-2022_15-59-32
1664031548410.0,0.45,-0.63,-0.37,47.19,-36.47,-17.11,Respeck,Movement,9,s2269664,14.1,Respeck_s2269664_Movement_24-09-2022_15-59-32
1664031548439.0,0.43,-0.63,-0.42,45.16,-31.52,-16.25,Respeck,Movement,9,s2269664,14.1,Respeck_s2269664_Movement_24-09-2022_15-59-32
1664031548501.0,0.48,-0.53,-0.4,51.08,-27.89,-15.19,Respeck,Movement,9,s2269664,14.1,Respeck_s2269664_Movement_24-09-2022_15-59-32
1664031548529.0,0.5,-0.48,-0.37,46.11,-25.48,-11.33,Respeck,Movement,9,s2269664,14.1,Respeck_s2269664_Movement_24-09-2022_15-59-32
1664031548559.0,0.33,-0.49,-0.5,50.22,-26.97,-16.47,Respeck,Movement,9,s2269664,14.1,Respeck_s2269664_Movement_24-09-2022_15-59-32
1664031548604.0,0.4,-0.5,-0.36,31.09,-22.48,-13.55,Respeck,Movement,9,s2269664,14.1,Respeck_s2269664_Movement_24-09-2022_15-59-32
1664031548650.0,0.27,-0.65,-0.49,36.63,-13.86,-22.97,Respeck,Movement,9,s2269664,14.1,Respeck_s2269664_Movement_24-09-2022_15-59-32
1664031548679.0,0.71,-0.55,-0.56,33.42,-20.84,-17.02,Respeck,Movement,9,s2269664,14.1,Respeck_s2269664_Movement_24-09-2022_15-59-32
1664031548724.0,0.46,-0.71,-0.57,24.75,-10.95,-15.42,Respeck,Movement,9,s2269664,14.1,Respeck_s2269664_Movement_24-09-2022_15-59-32
1664031548770.0,0.49,-0.67,-0.62,14.33,-2.44,-25.2,Respeck,Movement,9,s2269664,14.1,Respeck_s2269664_Movement_24-09-2022_15-59-32
1664031548801.0,0.62,-0.75,-0.53,3.11,3.27,-23.3,Respeck,Movement,9,s2269664,14.1,Respeck_s2269664_Movement_24-09-2022_15-59-32
1664031548848.0,0.43,-0.69,-0.64,-4.17,8.98,-22.38,Respeck,Movement,9,s2269664,14.1,Respeck_s2269664_Movement_24-09-2022_15-59-32
1664031548891.0,0.53,-0.61,-0.72,-4.52,6.13,-21.27,Respeck,Movement,9,s2269664,14.1,Respeck_s2269664_Movement_24-09-2022_15-59-32
1664031548921.0,0.61,-0.66,-0.64,-15.25,4.89,-18.45,Respeck,Movement,9,s2269664,14.1,Respeck_s2269664_Movement_24-09-2022_15-59-32
1664031548966.0,0.39,-0.65,-0.71,-23.23,0.36,-24.03,Respeck,Movement,9,s2269664,14.1,Respeck_s2269664_Movement_24-09-2022_15-59-32
1664031548997.0,0.47,-0.64,-0.45,-34.44,0.81,-28.05,Respeck,Movement,9,s2269664,14.1,Respeck_s2269664_Movement_24-09-2022_15-59-32
1664031549039.0,0.31,-0.98,-0.48,-50.3,-7.92,-28.81,Respeck,Movement,9,s2269664,14.1,Respeck_s2269664_Movement_24-09-2022_15-59-32
1664031549087.0,0.68,-1.66,-0.54,-80.72,-32.17,-57.94,Respeck,Movement,9,s2269664,14.1,Respeck_s2269664_Movement_24-09-2022_15-59-32
1664031549118.0,0.88,-2.0,-0.6,-46.77,-14.0,-26.89,Respeck,Movement,9,s2269664,14.1,Respeck_s2269664_Movement_24-09-2022_15-59-32
1664031549160.0,0.21,-1.14,-0.17,-48.63,20.8,-23.36,Respeck,Movement,9,s2269664,14.1,Respeck_s2269664_Movement_24-09-2022_15-59-32
1664031549219.0,0.12,-0.67,-0.09,-37.88,-0.89,-20.98,Respeck,Movement,9,s2269664,14.1,Respeck_s2269664_Movement_24-09-2022_15-59-32
1664031549238.0,0.17,-0.47,-0.08,-41.27,-3.56,-20.94,Respeck,Movement,9,s2269664,14.1,Respeck_s2269664_Movement_24-09-2022_15-59-32
1664031549278.0,0.06,-0.34,-0.04,-43.7,-6.84,-18.75,Respeck,Movement,9,s2269664,14.1,Respeck_s2269664_Movement_24-09-2022_15-59-32
1664031549357.0,0.08,-0.54,0.02,-42.23,-9.98,-20.81,Respeck,Movement,9,s2269664,14.1,Respeck_s2269664_Movement_24-09-2022_15-59-32
1664031549361.0,0.13,-0.92,0.05,-35.44,-15.45,-20.0,Respeck,Movement,9,s2269664,14.1,Respeck_s2269664_Movement_24-09-2022_15-59-32
1664031549399.0,0.17,-1.4,0.1,-30.61,-12.78,-14.61,Respeck,Movement,9,s2269664,14.1,Respeck_s2269664_Movement_24-09-2022_15-59-32
1664031549429.0,0.03,-1.34,0.24,-25.19,-0.08,-8.41,Respeck,Movement,9,s2269664,14.1,Respeck_s2269664_Movement_24-09-2022_15-59-32
1664031549477.0,0.07,-1.01,0.25,-24.58,5.55,-16.3,Respeck,Movement,9,s2269664,14.1,Respeck_s2269664_Movement_24-09-2022_15-59-32
1664031549536.0,0.05,-0.92,0.26,-22.58,0.8,-10.83,Respeck,Movement,9,s2269664,14.1,Respeck_s2269664_Movement_24-09-2022_15-59-32
1664031549550.0,0.0,-0.85,0.24,-25.0,3.52,-11.89,Respeck,Movement,9,s2269664,14.1,Respeck_s2269664_Movement_24-09-2022_15-59-32
1664031549597.0,0.03,-0.86,0.23,-21.97,4.73,-12.16,Respeck,Movement,9,s2269664,14.1,Respeck_s2269664_Movement_24-09-2022_15-59-32
1664031549641.0,0.06,-0.89,0.27,-19.36,5.34,-7.22,Respeck,Movement,9,s2269664,14.1,Respeck_s2269664_Movement_24-09-2022_15-59-32
1664031549670.0,0.06,-0.95,0.3,-16.0,-0.64,-9.33,Respeck,Movement,9,s2269664,14.1,Respeck_s2269664_Movement_24-09-2022_15-59-32
1664031549730.0,-0.03,-1.01,0.31,-18.73,-1.41,-7.22,Respeck,Movement,9,s2269664,14.1,Respeck_s2269664_Movement_24-09-2022_15-59-32
1664031549760.0,-0.01,-0.94,0.33,-9.17,-2.59,-8.19,Respeck,Movement,9,s2269664,14.1,Respeck_s2269664_Movement_24-09-2022_15-59-32
1664031549789.0,-0.04,-0.95,0.38,-9.48,-0.22,-7.64,Respeck,Movement,9,s2269664,14.1,Respeck_s2269664_Movement_24-09-2022_15-59-32
1664031549838.0,-0.02,-0.94,0.34,-10.25,-2.09,-6.13,Respeck,Movement,9,s2269664,14.1,Respeck_s2269664_Movement_24-09-2022_15-59-32
1664031549866.0,-0.01,-0.92,0.37,-14.13,-3.06,-9.23,Respeck,Movement,9,s2269664,14.1,Respeck_s2269664_Movement_24-09-2022_15-59-32
1664031549909.0,-0.05,-0.93,0.38,-13.0,-6.16,-9.94,Respeck,Movement,9,s2269664,14.1,Respeck_s2269664_Movement_24-09-2022_15-59-32
1664031549969.0,-0.07,-0.88,0.49,-11.94,-4.77,-8.11,Respeck,Movement,9,s2269664,14.1,Respeck_s2269664_Movement_24-09-2022_15-59-32
1664031549984.0,-0.15,-0.91,0.53,-8.8,-5.31,-6.05,Respeck,Movement,9,s2269664,14.1,Respeck_s2269664_Movement_24-09-2022_15-59-32
1664031550028.0,-0.17,-0.93,0.51,-8.25,-7.28,-6.42,Respeck,Movement,9,s2269664,14.1,Respeck_s2269664_Movement_24-09-2022_15-59-32
1664031550074.0,-0.05,-0.94,0.34,-9.86,-6.69,-7.11,Respeck,Movement,9,s2269664,14.1,Respeck_s2269664_Movement_24-09-2022_15-59-32
1664031550103.0,-0.09,-0.9,0.41,-12.48,-6.25,-8.06,Respeck,Movement,9,s2269664,14.1,Respeck_s2269664_Movement_24-09-2022_15-59-32
1664031550149.0,-0.14,-0.93,0.43,-14.39,-2.44,-8.05,Respeck,Movement,9,s2269664,14.1,Respeck_s2269664_Movement_24-09-2022_15-59-32
1664031550198.0,-0.15,-0.86,0.4,-11.23,-1.94,-6.02,Respeck,Movement,9,s2269664,14.1,Respeck_s2269664_Movement_24-09-2022_15-59-32
1664031550240.0,-0.12,-0.86,0.49,-10.55,-4.23,-4.72,Respeck,Movement,9,s2269664,14.1,Respeck_s2269664_Movement_24-09-2022_15-59-32
1664031550270.0,-0.18,-0.9,0.49,-8.23,-3.67,-5.31,Respeck,Movement,9,s2269664,14.1,Respeck_s2269664_Movement_24-09-2022_15-59-32
1664031550302.0,-0.21,-0.82,0.51,-5.83,-1.16,-3.81,Respeck,Movement,9,s2269664,14.1,Respeck_s2269664_Movement_24-09-2022_15-59-32
1664031550348.0,-0.17,-0.9,0.43,-8.13,0.31,-3.03,Respeck,Movement,9,s2269664,14.1,Respeck_s2269664_Movement_24-09-2022_15-59-32
1664031550388.0,-0.13,-0.85,0.54,0.3,0.81,-0.64,Respeck,Movement,9,s2269664,14.1,Respeck_s2269664_Movement_24-09-2022_15-59-32
1664031550418.0,-0.11,-0.81,0.48,-5.27,5.48,1.33,Respeck,Movement,9,s2269664,14.1,Respeck_s2269664_Movement_24-09-2022_15-59-32
1664031550464.0,-0.18,-0.87,0.52,-7.81,1.64,-0.3,Respeck,Movement,9,s2269664,14.1,Respeck_s2269664_Movement_24-09-2022_15-59-32
1664031550510.0,-0.19,-0.81,0.53,0.83,3.48,-2.83,Respeck,Movement,9,s2269664,14.1,Respeck_s2269664_Movement_24-09-2022_15-59-32
1664031550541.0,-0.11,-0.71,0.49,1.13,4.0,-0.39,Respeck,Movement,9,s2269664,14.1,Respeck_s2269664_Movement_24-09-2022_15-59-32
1664031550586.0,-0.13,-0.74,0.48,4.63,3.02,3.09,Respeck,Movement,9,s2269664,14.1,Respeck_s2269664_Movement_24-09-2022_15-59-32
1664031550629.0,-0.09,-0.77,0.49,9.88,1.16,5.63,Respeck,Movement,9,s2269664,14.1,Respeck_s2269664_Movement_24-09-2022_15-59-32
1664031550678.0,-0.08,-0.84,0.46,13.2,1.14,6.55,Respeck,Movement,9,s2269664,14.1,Respeck_s2269664_Movement_24-09-2022_15-59-32
1664031550705.0,-0.11,-0.96,0.52,14.53,-1.02,5.7,Respeck,Movement,9,s2269664,14.1,Respeck_s2269664_Movement_24-09-2022_15-59-32
1664031550740.0,-0.11,-0.99,0.5,11.06,-2.16,4.33,Respeck,Movement,9,s2269664,14.1,Respeck_s2269664_Movement_24-09-2022_15-59-32
1664031550778.0,-0.12,-0.93,0.45,6.97,-1.72,2.23,Respeck,Movement,9,s2269664,14.1,Respeck_s2269664_Movement_24-09-2022_15-59-32
1664031550825.0,-0.11,-0.92,0.44,4.22,-0.64,0.41,Respeck,Movement,9,s2269664,14.1,Respeck_s2269664_Movement_24-09-2022_15-59-32
1664031550858.0,-0.13,-0.93,0.44,2.38,-0.33,-1.47,Respeck,Movement,9,s2269664,14.1,Respeck_s2269664_Movement_24-09-2022_15-59-32
1664031550899.0,-0.15,-0.93,0.45,3.2,1.2,-1.45,Respeck,Movement,9,s2269664,14.1,Respeck_s2269664_Movement_24-09-2022_15-59-32
1664031550960.0,-0.11,-0.93,0.43,3.98,4.28,-0.77,Respeck,Movement,9,s2269664,14.1,Respeck_s2269664_Movement_24-09-2022_15-59-32
1664031550976.0,-0.09,-0.87,0.4,7.25,0.66,-0.05,Respeck,Movement,9,s2269664,14.1,Respeck_s2269664_Movement_24-09-2022_15-59-32
1664031551019.0,-0.01,-0.75,0.39,5.23,6.22,6.2,Respeck,Movement,9,s2269664,14.1,Respeck_s2269664_Movement_24-09-2022_15-59-32
1664031551067.0,-0.13,-0.88,0.46,9.78,0.56,9.38,Respeck,Movement,9,s2269664,14.1,Respeck_s2269664_Movement_24-09-2022_15-59-32
1664031551101.0,-0.17,-0.82,0.47,18.05,-3.92,14.72,Respeck,Movement,9,s2269664,14.1,Respeck_s2269664_Movement_24-09-2022_15-59-32
1664031551139.0,-0.12,-0.99,0.38,22.98,-0.78,11.84,Respeck,Movement,9,s2269664,14.1,Respeck_s2269664_Movement_24-09-2022_15-59-32
1664031551185.0,-0.07,-1.01,0.41,22.56,7.31,8.55,Respeck,Movement,9,s2269664,14.1,Respeck_s2269664_Movement_24-09-2022_15-59-32
1664031551218.0,-0.09,-1.02,0.42,25.95,2.3,8.44,Respeck,Movement,9,s2269664,14.1,Respeck_s2269664_Movement_24-09-2022_15-59-32
1664031551259.0,-0.05,-1.01,0.37,24.47,1.59,9.14,Respeck,Movement,9,s2269664,14.1,Respeck_s2269664_Movement_24-09-2022_15-59-32
1664031551290.0,-0.06,-1.02,0.34,28.61,3.05,10.38,Respeck,Movement,9,s2269664,14.1,Respeck_s2269664_Movement_24-09-2022_15-59-32
1664031551337.0,-0.05,-0.97,0.29,28.98,-1.08,8.8,Respeck,Movement,9,s2269664,14.1,Respeck_s2269664_Movement_24-09-2022_15-59-32
1664031551379.0,-0.04,-0.99,0.24,27.63,4.48,13.2,Respeck,Movement,9,s2269664,14.1,Respeck_s2269664_Movement_24-09-2022_15-59-32
1664031551409.0,-0.02,-0.94,0.22,29.31,7.05,14.39,Respeck,Movement,9,s2269664,14.1,Respeck_s2269664_Movement_24-09-2022_15-59-32
1664031551458.0,-0.05,-0.92,0.15,32.95,6.86,14.73,Respeck,Movement,9,s2269664,14.1,Respeck_s2269664_Movement_24-09-2022_15-59-32
1664031551501.0,0.08,-0.92,0.13,33.75,4.5,17.02,Respeck,Movement,9,s2269664,14.1,Respeck_s2269664_Movement_24-09-2022_15-59-32
1664031551529.0,0.05,-0.95,0.11,33.94,-4.33,17.31,Respeck,Movement,9,s2269664,14.1,Respeck_s2269664_Movement_24-09-2022_15-59-32
1664031551578.0,-0.01,-0.87,0.01,38.64,-2.09,19.89,Respeck,Movement,9,s2269664,14.1,Respeck_s2269664_Movement_24-09-2022_15-59-32
1664031551649.0,0.04,-0.87,0.05,62.25,-3.44,23.67,Respeck,Movement,9,s2269664,14.1,Respeck_s2269664_Movement_24-09-2022_15-59-32
1664031551654.0,0.19,-0.91,-0.1,57.11,-1.2,30.52,Respeck,Movement,9,s2269664,14.1,Respeck_s2269664_Movement_24-09-2022_15-59-32
1664031551697.0,0.22,-0.87,-0.13,56.52,-7.02,36.05,Respeck,Movement,9,s2269664,14.1,Respeck_s2269664_Movement_24-09-2022_15-59-32
1664031551725.0,0.18,-0.97,-0.34,50.0,-3.42,33.45,Respeck,Movement,9,s2269664,14.1,Respeck_s2269664_Movement_24-09-2022_15-59-32
1664031551770.0,0.38,-1.02,-0.77,58.61,-7.58,30.52,Respeck,Movement,9,s2269664,14.1,Respeck_s2269664_Movement_24-09-2022_15-59-32
1664031551818.0,0.8,-0.88,-0.84,55.64,10.75,45.38,Respeck,Movement,9,s2269664,14.1,Respeck_s2269664_Movement_24-09-2022_15-59-32
1664031551846.0,0.86,-1.08,-0.97,39.14,3.86,40.5,Respeck,Movement,9,s2269664,14.1,Respeck_s2269664_Movement_24-09-2022_15-59-32
1664031551888.0,0.56,-0.92,-1.01,27.5,12.78,11.16,Respeck,Movement,9,s2269664,14.1,Respeck_s2269664_Movement_24-09-2022_15-59-32
1664031551936.0,0.93,-0.72,-0.86,12.98,12.69,15.52,Respeck,Movement,9,s2269664,14.1,Respeck_s2269664_Movement_24-09-2022_15-59-32
1664031551968.0,0.56,-0.89,-0.83,7.73,8.19,7.91,Respeck,Movement,9,s2269664,14.1,Respeck_s2269664_Movement_24-09-2022_15-59-32
1664031552009.0,0.58,-0.79,-0.72,1.72,7.39,5.77,Respeck,Movement,9,s2269664,14.1,Respeck_s2269664_Movement_24-09-2022_15-59-32
1664031552058.0,0.48,-0.65,-0.61,-3.13,4.98,3.72,Respeck,Movement,9,s2269664,14.1,Respeck_s2269664_Movement_24-09-2022_15-59-32
1664031552086.0,0.45,-0.61,-0.54,-11.5,-4.39,-1.56,Respeck,Movement,9,s2269664,14.1,Respeck_s2269664_Movement_24-09-2022_15-59-32
1664031552130.0,0.32,-0.6,-0.38,-22.44,2.88,-8.91,Respeck,Movement,9,s2269664,14.1,Respeck_s2269664_Movement_24-09-2022_15-59-32
1664031552159.0,0.23,-0.58,-0.46,-33.73,3.27,-15.08,Respeck,Movement,9,s2269664,14.1,Respeck_s2269664_Movement_24-09-2022_15-59-32
1664031552208.0,0.42,-0.6,-0.41,-41.78,-0.33,-18.64,Respeck,Movement,9,s2269664,14.1,Respeck_s2269664_Movement_24-09-2022_15-59-32
1664031552250.0,0.32,-0.64,-0.39,-44.7,-0.03,-21.48,Respeck,Movement,9,s2269664,14.1,Respeck_s2269664_Movement_24-09-2022_15-59-32
1664031552283.0,0.22,-0.62,-0.41,-41.19,-5.55,-18.09,Respeck,Movement,9,s2269664,14.1,Respeck_s2269664_Movement_24-09-2022_15-59-32
1664031552327.0,0.25,-0.66,-0.37,-44.17,-0.92,-19.59,Respeck,Movement,9,s2269664,14.1,Respeck_s2269664_Movement_24-09-2022_15-59-32
1664031552369.0,0.16,-0.73,-0.32,-42.41,-4.75,-20.42,Respeck,Movement,9,s2269664,14.1,Respeck_s2269664_Movement_24-09-2022_15-59-32
1664031552399.0,0.16,-0.71,-0.27,-38.97,-0.14,-19.47,Respeck,Movement,9,s2269664,14.1,Respeck_s2269664_Movement_24-09-2022_15-59-32
1664031552444.0,0.17,-0.71,-0.28,-32.61,-2.61,-15.2,Respeck,Movement,9,s2269664,14.1,Respeck_s2269664_Movement_24-09-2022_15-59-32
1664031552493.0,0.3,-0.79,-0.24,-31.8,-6.09,-13.33,Respeck,Movement,9,s2269664,14.1,Respeck_s2269664_Movement_24-09-2022_15-59-32
1664031552519.0,0.24,-0.92,-0.17,-29.84,-9.97,-12.23,Respeck,Movement,9,s2269664,14.1,Respeck_s2269664_Movement_24-09-2022_15-59-32
1664031552571.0,0.14,-0.96,-0.11,-28.33,-7.23,-12.08,Respeck,Movement,9,s2269664,14.1,Respeck_s2269664_Movement_24-09-2022_15-59-32
1664031552595.0,0.16,-0.89,-0.07,-25.45,-5.41,-10.91,Respeck,Movement,9,s2269664,14.1,Respeck_s2269664_Movement_24-09-2022_15-59-32
1664031552638.0,0.21,-0.89,-0.02,-21.63,-7.53,-7.08,Respeck,Movement,9,s2269664,14.1,Respeck_s2269664_Movement_24-09-2022_15-59-32
1664031552699.0,0.08,-0.88,0.04,-18.67,-8.33,-5.98,Respeck,Movement,9,s2269664,14.1,Respeck_s2269664_Movement_24-09-2022_15-59-32
1664031552722.0,0.09,-0.88,0.05,-19.02,-10.28,-6.72,Respeck,Movement,9,s2269664,14.1,Respeck_s2269664_Movement_24-09-2022_15-59-32
1664031552758.0,0.1,-0.85,0.05,-18.78,-14.09,-4.77,Respeck,Movement,9,s2269664,14.1,Respeck_s2269664_Movement_24-09-2022_15-59-32
1664031552806.0,0.1,-0.96,0.1,-17.63,-18.78,-3.08,Respeck,Movement,9,s2269664,14.1,Respeck_s2269664_Movement_24-09-2022_15-59-32
1664031552834.0,0.16,-1.25,0.06,-17.83,-13.89,-3.72,Respeck,Movement,9,s2269664,14.1,Respeck_s2269664_Movement_24-09-2022_15-59-32
1664031552879.0,0.39,-1.5,0.08,-15.66,-4.78,-0.02,Respeck,Movement,9,s2269664,14.1,Respeck_s2269664_Movement_24-09-2022_15-59-32
1664031552924.0,0.37,-0.98,-0.08,-9.95,-12.98,10.67,Respeck,Movement,9,s2269664,14.1,Respeck_s2269664_Movement_24-09-2022_15-59-32
1664031552955.0,0.15,-0.58,0.02,-3.13,-18.88,8.56,Respeck,Movement,9,s2269664,14.1,Respeck_s2269664_Movement_24-09-2022_15-59-32
1664031553016.0,0.15,-0.57,-0.02,-0.47,-17.92,3.2,Respeck,Movement,9,s2269664,14.1,Respeck_s2269664_Movement_24-09-2022_15-59-32
1664031553048.0,0.32,-0.91,0.08,2.63,-13.7,0.25,Respeck,Movement,9,s2269664,14.1,Respeck_s2269664_Movement_24-09-2022_15-59-32
1664031553076.0,0.31,-1.19,0.15,-0.42,-14.0,3.61,Respeck,Movement,9,s2269664,14.1,Respeck_s2269664_Movement_24-09-2022_15-59-32
1664031553119.0,0.23,-1.09,0.19,-3.66,-12.16,4.13,Respeck,Movement,9,s2269664,14.1,Respeck_s2269664_Movement_24-09-2022_15-59-32
1664031553150.0,0.19,-0.88,0.2,-1.58,-14.67,3.56,Respeck,Movement,9,s2269664,14.1,Respeck_s2269664_Movement_24-09-2022_15-59-32
1664031553198.0,0.13,-0.79,0.22,0.25,-16.39,2.02,Respeck,Movement,9,s2269664,14.1,Respeck_s2269664_Movement_24-09-2022_15-59-32
1664031553240.0,0.21,-0.83,0.21,2.23,-16.75,1.06,Respeck,Movement,9,s2269664,14.1,Respeck_s2269664_Movement_24-09-2022_15-59-32
1664031553269.0,0.27,-0.87,0.26,4.19,-16.06,-0.08,Respeck,Movement,9,s2269664,14.1,Respeck_s2269664_Movement_24-09-2022_15-59-32
1664031553319.0,0.17,-0.89,0.29,4.8,-12.69,-0.11,Respeck,Movement,9,s2269664,14.1,Respeck_s2269664_Movement_24-09-2022_15-59-32
1664031553360.0,0.16,-0.86,0.26,5.3,-9.63,-2.42,Respeck,Movement,9,s2269664,14.1,Respeck_s2269664_Movement_24-09-2022_15-59-32
1664031553390.0,0.18,-0.84,0.3,7.55,-8.72,-3.25,Respeck,Movement,9,s2269664,14.1,Respeck_s2269664_Movement_24-09-2022_15-59-32
1664031553438.0,0.15,-0.88,0.26,5.56,-3.94,-4.36,Respeck,Movement,9,s2269664,14.1,Respeck_s2269664_Movement_24-09-2022_15-59-32
1664031553479.0,0.19,-0.95,0.28,6.09,-4.84,-4.36,Respeck,Movement,9,s2269664,14.1,Respeck_s2269664_Movement_24-09-2022_15-59-32
1664031553509.0,0.16,-1.07,0.36,4.17,-3.95,-2.59,Respeck,Movement,9,s2269664,14.1,Respeck_s2269664_Movement_24-09-2022_15-59-32
1664031553554.0,0.06,-1.09,0.45,-1.19,0.31,-3.92,Respeck,Movement,9,s2269664,14.1,Respeck_s2269664_Movement_24-09-2022_15-59-32
1664031553585.0,-0.03,-1.27,0.18,-7.33,1.11,-14.86,Respeck,Movement,9,s2269664,14.1,Respeck_s2269664_Movement_24-09-2022_15-59-32
1664031553630.0,0.26,-1.46,-0.03,-11.66,-6.66,-13.25,Respeck,Movement,9,s2269664,14.1,Respeck_s2269664_Movement_24-09-2022_15-59-32
1664031553679.0,0.33,-1.17,0.01,-6.72,8.58,6.7,Respeck,Movement,9,s2269664,14.1,Respeck_s2269664_Movement_24-09-2022_15-59-32
1664031553707.0,0.12,-0.78,-0.06,1.47,17.19,13.02,Respeck,Movement,9,s2269664,14.1,Respeck_s2269664_Movement_24-09-2022_15-59-32
1664031553750.0,0.07,-0.64,-0.06,-2.25,10.0,-3.95,Respeck,Movement,9,s2269664,14.1,Respeck_s2269664_Movement_24-09-2022_15-59-32
1664031553796.0,0.4,-0.95,0.01,2.09,-7.7,-2.69,Respeck,Movement,9,s2269664,14.1,Respeck_s2269664_Movement_24-09-2022_15-59-32
1664031553826.0,0.27,-1.23,0.09,4.91,-8.3,1.73,Respeck,Movement,9,s2269664,14.1,Respeck_s2269664_Movement_24-09-2022_15-59-32
1664031553869.0,-0.08,-1.11,0.1,-2.27,4.91,4.63,Respeck,Movement,9,s2269664,14.1,Respeck_s2269664_Movement_24-09-2022_15-59-32
1664031553933.0,0.0,-0.84,0.18,-3.64,9.84,-3.53,Respeck,Movement,9,s2269664,14.1,Respeck_s2269664_Movement_24-09-2022_15-59-32
1664031553944.0,0.07,-0.9,0.14,-2.86,11.48,-3.7,Respeck,Movement,9,s2269664,14.1,Respeck_s2269664_Movement_24-09-2022_15-59-32
1664031553990.0,0.09,-0.84,0.07,-1.0,9.53,-0.39,Respeck,Movement,9,s2269664,14.1,Respeck_s2269664_Movement_24-09-2022_15-59-32
1664031554020.0,0.1,-0.82,0.13,-1.03,4.56,-0.72,Respeck,Movement,9,s2269664,14.1,Respeck_s2269664_Movement_24-09-2022_15-59-32
1664031554066.0,0.04,-0.91,0.13,-1.53,1.27,0.13,Respeck,Movement,9,s2269664,14.1,Respeck_s2269664_Movement_24-09-2022_15-59-32
1664031554110.0,0.0,-0.92,0.22,-3.05,-2.23,0.33,Respeck,Movement,9,s2269664,14.1,Respeck_s2269664_Movement_24-09-2022_15-59-32
1664031554139.0,-0.02,-0.98,0.23,-4.06,-1.56,-0.2,Respeck,Movement,9,s2269664,14.1,Respeck_s2269664_Movement_24-09-2022_15-59-32
1664031554185.0,0.0,-1.01,0.23,-2.5,0.02,1.0,Respeck,Movement,9,s2269664,14.1,Respeck_s2269664_Movement_24-09-2022_15-59-32
1664031554230.0,0.06,-1.09,0.2,-1.38,7.2,3.56,Respeck,Movement,9,s2269664,14.1,Respeck_s2269664_Movement_24-09-2022_15-59-32
1664031554259.0,0.15,-1.15,0.35,-7.67,0.03,7.3,Respeck,Movement,9,s2269664,14.1,Respeck_s2269664_Movement_24-09-2022_15-59-32
1664031554303.0,0.14,-1.45,0.36,-10.48,-6.33,8.5,Respeck,Movement,9,s2269664,14.1,Respeck_s2269664_Movement_24-09-2022_15-59-32
1664031554350.0,0.05,-1.34,0.09,-6.56,6.41,4.88,Respeck,Movement,9,s2269664,14.1,Respeck_s2269664_Movement_24-09-2022_15-59-32
1664031554380.0,0.3,-0.78,-0.26,-6.55,2.45,4.69,Respeck,Movement,9,s2269664,14.1,Respeck_s2269664_Movement_24-09-2022_15-59-32
1664031554427.0,0.2,-0.6,-0.07,4.02,10.09,-1.3,Respeck,Movement,9,s2269664,14.1,Respeck_s2269664_Movement_24-09-2022_15-59-32
1664031554455.0,0.09,-1.0,0.07,1.27,13.66,-9.56,Respeck,Movement,9,s2269664,14.1,Respeck_s2269664_Movement_24-09-2022_15-59-32
1664031554498.0,0.07,-1.06,0.12,-11.75,21.88,-9.27,Respeck,Movement,9,s2269664,14.1,Respeck_s2269664_Movement_24-09-2022_15-59-32
1664031554544.0,0.03,-0.9,0.1,-13.3,30.94,-9.61,Respeck,Movement,9,s2269664,14.1,Respeck_s2269664_Movement_24-09-2022_15-59-32
1664031554619.0,0.08,-0.85,0.1,-9.48,40.44,-9.58,Respeck,Movement,9,s2269664,14.1,Respeck_s2269664_Movement_24-09-2022_15-59-32
1664031554624.0,0.19,-0.97,0.13,0.22,38.72,-10.2,Respeck,Movement,9,s2269664,14.1,Respeck_s2269664_Movement_24-09-2022_15-59-32
1664031554663.0,0.2,-0.95,0.17,-3.69,41.48,-10.13,Respeck,Movement,9,s2269664,14.1,Respeck_s2269664_Movement_24-09-2022_15-59-32
1664031554698.0,0.12,-0.86,0.22,-0.41,39.69,-5.25,Respeck,Movement,9,s2269664,14.1,Respeck_s2269664_Movement_24-09-2022_15-59-32
1664031554739.0,0.12,-0.83,0.2,0.78,36.98,-5.98,Respeck,Movement,9,s2269664,14.1,Respeck_s2269664_Movement_24-09-2022_15-59-32
1664031554784.0,0.06,-0.86,0.2,2.13,33.34,-8.66,Respeck,Movement,9,s2269664,14.1,Respeck_s2269664_Movement_24-09-2022_15-59-32
1664031554817.0,0.04,-0.87,0.17,0.5,32.73,-9.78,Respeck,Movement,9,s2269664,14.1,Respeck_s2269664_Movement_24-09-2022_15-59-32
1664031554859.0,0.11,-1.01,0.19,-0.91,24.47,-11.63,Respeck,Movement,9,s2269664,14.1,Respeck_s2269664_Movement_24-09-2022_15-59-32
1664031554905.0,0.15,-1.09,0.14,-4.5,20.92,-11.25,Respeck,Movement,9,s2269664,14.1,Respeck_s2269664_Movement_24-09-2022_15-59-32
1664031554935.0,0.13,-1.12,0.36,-5.78,22.77,-9.22,Respeck,Movement,9,s2269664,14.1,Respeck_s2269664_Movement_24-09-2022_15-59-32
1664031554979.0,-0.24,-1.45,-0.11,-0.73,4.67,-21.64,Respeck,Movement,9,s2269664,14.1,Respeck_s2269664_Movement_24-09-2022_15-59-32
1664031555009.0,0.11,-1.19,-0.21,7.25,37.84,-15.5,Respeck,Movement,9,s2269664,14.1,Respeck_s2269664_Movement_24-09-2022_15-59-32
1664031555056.0,0.14,-0.94,0.03,4.16,57.47,7.7,Respeck,Movement,9,s2269664,14.1,Respeck_s2269664_Movement_24-09-2022_15-59-32
1664031555100.0,0.01,-0.91,-0.06,-2.27,51.25,-7.23,Respeck,Movement,9,s2269664,14.1,Respeck_s2269664_Movement_24-09-2022_15-59-32
1664031555129.0,0.06,-1.13,-0.12,0.66,45.58,-8.09,Respeck,Movement,9,s2269664,14.1,Respeck_s2269664_Movement_24-09-2022_15-59-32
1664031555178.0,0.07,-1.09,-0.04,0.98,48.33,-1.41,Respeck,Movement,9,s2269664,14.1,Respeck_s2269664_Movement_24-09-2022_15-59-32
1664031555218.0,-0.07,-0.88,0.06,3.38,38.89,0.48,Respeck,Movement,9,s2269664,14.1,Respeck_s2269664_Movement_24-09-2022_15-59-32
1664031555249.0,-0.09,-0.82,0.01,-4.95,37.13,-3.08,Respeck,Movement,9,s2269664,14.1,Respeck_s2269664_Movement_24-09-2022_15-59-32
1664031555297.0,-0.06,-0.86,-0.02,-3.69,32.95,-1.63,Respeck,Movement,9,s2269664,14.1,Respeck_s2269664_Movement_24-09-2022_15-59-32
1664031555339.0,0.02,-0.9,-0.03,-4.2,28.69,3.52,Respeck,Movement,9,s2269664,14.1,Respeck_s2269664_Movement_24-09-2022_15-59-32
1664031555369.0,0.0,-0.92,0.04,-4.56,20.78,6.34,Respeck,Movement,9,s2269664,14.1,Respeck_s2269664_Movement_24-09-2022_15-59-32
1664031555415.0,-0.14,-0.98,0.11,-9.55,15.58,7.59,Respeck,Movement,9,s2269664,14.1,Respeck_s2269664_Movement_24-09-2022_15-59-32
1664031555446.0,-0.07,-0.98,0.1,-12.63,9.14,8.03,Respeck,Movement,9,s2269664,14.1,Respeck_s2269664_Movement_24-09-2022_15-59-32
1664031555490.0,-0.12,-1.03,0.1,-9.14,20.77,5.13,Respeck,Movement,9,s2269664,14.1,Respeck_s2269664_Movement_24-09-2022_15-59-32
1664031555537.0,0.07,-1.19,0.09,-20.44,22.0,9.03,Respeck,Movement,9,s2269664,14.1,Respeck_s2269664_Movement_24-09-2022_15-59-32
1664031555565.0,0.07,-1.43,0.19,-18.73,21.13,11.39,Respeck,Movement,9,s2269664,14.1,Respeck_s2269664_Movement_24-09-2022_15-59-32
1664031555609.0,0.17,-1.18,0.09,-11.5,30.77,11.31,Respeck,Movement,9,s2269664,14.1,Respeck_s2269664_Movement_24-09-2022_15-59-32
1664031555658.0,0.08,-0.68,-0.17,-8.16,24.03,7.25,Respeck,Movement,9,s2269664,14.1,Respeck_s2269664_Movement_24-09-2022_15-59-32
1664031555689.0,0.21,-0.82,0.04,-7.27,32.11,-2.61,Respeck,Movement,9,s2269664,14.1,Respeck_s2269664_Movement_24-09-2022_15-59-32
1664031555730.0,0.15,-1.12,0.02,-9.52,38.25,-10.55,Respeck,Movement,9,s2269664,14.1,Respeck_s2269664_Movement_24-09-2022_15-59-32
1664031555779.0,0.1,-1.06,0.0,-14.77,52.88,-9.58,Respeck,Movement,9,s2269664,14.1,Respeck_s2269664_Movement_24-09-2022_15-59-32
1664031555804.0,0.16,-0.92,0.07,-12.88,54.53,-8.59,Respeck,Movement,9,s2269664,14.1,Respeck_s2269664_Movement_24-09-2022_15-59-32
1664031555850.0,0.16,-0.94,0.08,-13.58,56.06,-7.75,Respeck,Movement,9,s2269664,14.1,Respeck_s2269664_Movement_24-09-2022_15-59-32
1664031555879.0,0.11,-0.97,0.09,-11.78,59.19,-11.58,Respeck,Movement,9,s2269664,14.1,Respeck_s2269664_Movement_24-09-2022_15-59-32
1664031555925.0,0.13,-0.96,0.06,-11.73,65.03,-10.8,Respeck,Movement,9,s2269664,14.1,Respeck_s2269664_Movement_24-09-2022_15-59-32
1664031555970.0,0.1,-0.95,0.08,-10.73,68.55,-8.63,Respeck,Movement,9,s2269664,14.1,Respeck_s2269664_Movement_24-09-2022_15-59-32
1664031555999.0,0.12,-0.95,0.05,-11.69,67.36,-9.42,Respeck,Movement,9,s2269664,14.1,Respeck_s2269664_Movement_24-09-2022_15-59-32
1664031556047.0,0.18,-0.97,0.08,-11.13,63.63,-7.08,Respeck,Movement,9,s2269664,14.1,Respeck_s2269664_Movement_24-09-2022_15-59-32
1664031556090.0,0.19,-0.97,0.2,-9.23,61.09,-4.67,Respeck,Movement,9,s2269664,14.1,Respeck_s2269664_Movement_24-09-2022_15-59-32
1664031556119.0,0.14,-0.91,0.15,-7.97,54.22,-4.89,Respeck,Movement,9,s2269664,14.1,Respeck_s2269664_Movement_24-09-2022_15-59-32
1664031556180.0,0.17,-0.87,0.1,-6.44,45.84,-8.52,Respeck,Movement,9,s2269664,14.1,Respeck_s2269664_Movement_24-09-2022_15-59-32
1664031556209.0,0.12,-0.99,0.2,-5.94,39.64,-12.91,Respeck,Movement,9,s2269664,14.1,Respeck_s2269664_Movement_24-09-2022_15-59-32
1664031556239.0,0.09,-1.02,0.19,-8.47,32.31,-13.06,Respeck,Movement,9,s2269664,14.1,Respeck_s2269664_Movement_24-09-2022_15-59-32
1664031556287.0,0.09,-1.01,0.25,-11.27,27.69,-15.03,Respeck,Movement,9,s2269664,14.1,Respeck_s2269664_Movement_24-09-2022_15-59-32
1664031556314.0,0.0,-1.16,0.23,-11.89,20.41,-19.64,Respeck,Movement,9,s2269664,14.1,Respeck_s2269664_Movement_24-09-2022_15-59-32
1664031556359.0,-0.02,-1.22,0.06,-11.81,22.48,-25.05,Respeck,Movement,9,s2269664,14.1,Respeck_s2269664_Movement_24-09-2022_15-59-32
1664031556406.0,0.1,-1.03,0.01,-7.27,37.47,-16.98,Respeck,Movement,9,s2269664,14.1,Respeck_s2269664_Movement_24-09-2022_15-59-32
1664031556438.0,0.1,-0.85,0.02,-3.91,50.33,-6.27,Respeck,Movement,9,s2269664,14.1,Respeck_s2269664_Movement_24-09-2022_15-59-32
1664031556480.0,0.13,-1.05,-0.09,-8.13,47.28,-8.11,Respeck,Movement,9,s2269664,14.1,Respeck_s2269664_Movement_24-09-2022_15-59-32
1664031556527.0,0.17,-1.16,0.03,-8.14,44.05,-6.77,Respeck,Movement,9,s2269664,14.1,Respeck_s2269664_Movement_24-09-2022_15-59-32
1664031556554.0,0.07,-1.1,0.08,-6.34,44.41,-3.13,Respeck,Movement,9,s2269664,14.1,Respeck_s2269664_Movement_24-09-2022_15-59-32
1664031556600.0,-0.04,-0.91,0.11,-10.39,46.23,-7.66,Respeck,Movement,9,s2269664,14.1,Respeck_s2269664_Movement_24-09-2022_15-59-32
1664031556645.0,0.01,-0.92,0.02,-11.33,43.41,-6.47,Respeck,Movement,9,s2269664,14.1,Respeck_s2269664_Movement_24-09-2022_15-59-32
1664031556678.0,0.11,-0.91,0.0,-6.44,37.47,-3.41,Respeck,Movement,9,s2269664,14.1,Respeck_s2269664_Movement_24-09-2022_15-59-32
1664031556718.0,0.11,-0.91,0.03,-1.97,31.42,0.2,Respeck,Movement,9,s2269664,14.1,Respeck_s2269664_Movement_24-09-2022_15-59-32
1664031556768.0,0.13,-0.95,0.06,-1.58,24.61,2.88,Respeck,Movement,9,s2269664,14.1,Respeck_s2269664_Movement_24-09-2022_15-59-32
1664031556797.0,0.11,-1.0,0.15,-1.34,20.09,6.73,Respeck,Movement,9,s2269664,14.1,Respeck_s2269664_Movement_24-09-2022_15-59-32
1664031556840.0,0.03,-1.03,0.18,-5.16,19.47,6.34,Respeck,Movement,9,s2269664,14.1,Respeck_s2269664_Movement_24-09-2022_15-59-32
1664031556870.0,0.0,-1.0,0.14,-11.84,23.66,5.67,Respeck,Movement,9,s2269664,14.1,Respeck_s2269664_Movement_24-09-2022_15-59-32
1664031556918.0,0.06,-1.02,0.12,-14.59,27.03,4.84,Respeck,Movement,9,s2269664,14.1,Respeck_s2269664_Movement_24-09-2022_15-59-32
1664031556959.0,0.11,-0.97,0.23,-10.19,27.42,5.7,Respeck,Movement,9,s2269664,14.1,Respeck_s2269664_Movement_24-09-2022_15-59-32
1664031556989.0,0.14,-0.98,0.15,-9.33,36.98,7.42,Respeck,Movement,9,s2269664,14.1,Respeck_s2269664_Movement_24-09-2022_15-59-32
1664031557037.0,0.19,-0.93,0.17,-3.88,39.91,9.28,Respeck,Movement,9,s2269664,14.1,Respeck_s2269664_Movement_24-09-2022_15-59-32
1664031557080.0,0.33,-0.96,0.11,-2.06,38.08,14.17,Respeck,Movement,9,s2269664,14.1,Respeck_s2269664_Movement_24-09-2022_15-59-32
1664031557109.0,0.37,-0.94,0.12,0.84,37.36,15.84,Respeck,Movement,9,s2269664,14.1,Respeck_s2269664_Movement_24-09-2022_15-59-32
1664031557154.0,0.39,-0.89,0.11,-0.98,33.92,14.36,Respeck,Movement,9,s2269664,14.1,Respeck_s2269664_Movement_24-09-2022_15-59-32
1664031557199.0,0.4,-0.83,0.03,1.66,28.39,14.31,Respeck,Movement,9,s2269664,14.1,Respeck_s2269664_Movement_24-09-2022_15-59-32
1664031557230.0,0.41,-0.85,0.08,3.75,27.0,14.98,Respeck,Movement,9,s2269664,14.1,Respeck_s2269664_Movement_24-09-2022_15-59-32
1664031557277.0,0.41,-0.94,0.08,3.63,22.8,14.88,Respeck,Movement,9,s2269664,14.1,Respeck_s2269664_Movement_24-09-2022_15-59-32
1664031557305.0,0.42,-0.88,0.06,2.97,20.45,13.08,Respeck,Movement,9,s2269664,14.1,Respeck_s2269664_Movement_24-09-2022_15-59-32
1664031557348.0,0.47,-0.87,0.04,4.5,20.59,11.81,Respeck,Movement,9,s2269664,14.1,Respeck_s2269664_Movement_24-09-2022_15-59-32
1664031557410.0,0.46,-0.9,0.02,4.0,19.55,11.94,Respeck,Movement,9,s2269664,14.1,Respeck_s2269664_Movement_24-09-2022_15-59-32
1664031557426.0,0.45,-0.84,0.03,3.63,20.55,11.11,Respeck,Movement,9,s2269664,14.1,Respeck_s2269664_Movement_24-09-2022_15-59-32
1664031557470.0,0.49,-0.86,0.0,3.27,18.41,10.09,Respeck,Movement,9,s2269664,14.1,Respeck_s2269664_Movement_24-09-2022_15-59-32
1664031557515.0,0.49,-0.89,-0.04,-0.38,19.39,7.69,Respeck,Movement,9,s2269664,14.1,Respeck_s2269664_Movement_24-09-2022_15-59-32
1664031557544.0,0.54,-0.85,-0.05,1.17,14.7,6.8,Respeck,Movement,9,s2269664,14.1,Respeck_s2269664_Movement_24-09-2022_15-59-32
1664031557589.0,0.51,-0.9,-0.02,1.5,13.14,5.94,Respeck,Movement,9,s2269664,14.1,Respeck_s2269664_Movement_24-09-2022_15-59-32
1664031557635.0,0.5,-0.86,-0.01,3.59,12.2,5.42,Respeck,Movement,9,s2269664,14.1,Respeck_s2269664_Movement_24-09-2022_15-59-32
1664031557667.0,0.51,-0.87,-0.05,2.31,9.17,4.06,Respeck,Movement,9,s2269664,14.1,Respeck_s2269664_Movement_24-09-2022_15-59-32
1664031557711.0,0.51,-0.91,-0.03,3.83,10.81,3.2,Respeck,Movement,9,s2269664,14.1,Respeck_s2269664_Movement_24-09-2022_15-59-32
1664031557739.0,0.48,-0.81,-0.07,8.33,10.38,6.25,Respeck,Movement,9,s2269664,14.1,Respeck_s2269664_Movement_24-09-2022_15-59-32
1664031557787.0,0.52,-0.85,-0.08,4.02,7.31,1.64,Respeck,Movement,9,s2269664,14.1,Respeck_s2269664_Movement_24-09-2022_15-59-32
1664031557829.0,0.47,-0.89,-0.09,-0.22,9.92,1.08,Respeck,Movement,9,s2269664,14.1,Respeck_s2269664_Movement_24-09-2022_15-59-32
1664031557859.0,0.57,-0.81,-0.11,2.28,9.28,0.95,Respeck,Movement,9,s2269664,14.1,Respeck_s2269664_Movement_24-09-2022_15-59-32
1664031557910.0,0.56,-0.87,-0.1,-0.75,3.47,-2.73,Respeck,Movement,9,s2269664,14.1,Respeck_s2269664_Movement_24-09-2022_15-59-32
1664031557950.0,0.58,-0.84,-0.11,0.08,6.63,-2.3,Respeck,Movement,9,s2269664,14.1,Respeck_s2269664_Movement_24-09-2022_15-59-32
1664031557979.0,0.62,-0.88,-0.11,-0.91,-5.52,-6.38,Respeck,Movement,9,s2269664,14.1,Respeck_s2269664_Movement_24-09-2022_15-59-32
1664031558026.0,0.62,-0.87,-0.08,-3.42,-8.33,-8.3,Respeck,Movement,9,s2269664,14.1,Respeck_s2269664_Movement_24-09-2022_15-59-32
1664031558069.0,0.54,-0.88,-0.08,-0.66,-12.31,-9.03,Respeck,Movement,9,s2269664,14.1,Respeck_s2269664_Movement_24-09-2022_15-59-32
1664031558098.0,0.53,-0.85,-0.06,1.7,-13.3,-9.84,Respeck,Movement,9,s2269664,14.1,Respeck_s2269664_Movement_24-09-2022_15-59-32
1664031558146.0,0.52,-0.85,-0.07,-1.02,-19.97,-12.22,Respeck,Movement,9,s2269664,14.1,Respeck_s2269664_Movement_24-09-2022_15-59-32
1664031558175.0,0.51,-0.86,-0.07,2.95,-20.66,-12.77,Respeck,Movement,9,s2269664,14.1,Respeck_s2269664_Movement_24-09-2022_15-59-32
1664031558219.0,0.56,-0.88,-0.04,3.44,-27.77,-13.25,Respeck,Movement,9,s2269664,14.1,Respeck_s2269664_Movement_24-09-2022_15-59-32
1664031558264.0,0.44,-0.84,-0.04,5.03,-36.81,-14.53,Respeck,Movement,9,s2269664,14.1,Respeck_s2269664_Movement_24-09-2022_15-59-32
1664031558294.0,0.36,-0.92,-0.02,5.38,-42.7,-15.91,Respeck,Movement,9,s2269664,14.1,Respeck_s2269664_Movement_24-09-2022_15-59-32
1664031558338.0,0.3,-0.91,0.0,6.69,-45.55,-16.52,Respeck,Movement,9,s2269664,14.1,Respeck_s2269664_Movement_24-09-2022_15-59-32
1664031558385.0,0.23,-0.95,0.01,7.39,-44.52,-13.86,Respeck,Movement,9,s2269664,14.1,Respeck_s2269664_Movement_24-09-2022_15-59-32
1664031558415.0,0.18,-0.91,0.03,3.48,-39.91,-12.0,Respeck,Movement,9,s2269664,14.1,Respeck_s2269664_Movement_24-09-2022_15-59-32
1664031558466.0,0.36,-0.94,0.0,4.14,-38.7,-10.94,Respeck,Movement,9,s2269664,14.1,Respeck_s2269664_Movement_24-09-2022_15-59-32
1664031558505.0,0.3,-0.92,-0.02,8.84,-40.44,-8.44,Respeck,Movement,9,s2269664,14.1,Respeck_s2269664_Movement_24-09-2022_15-59-32
1664031558535.0,0.38,-0.85,0.02,6.77,-40.52,-4.61,Respeck,Movement,9,s2269664,14.1,Respeck_s2269664_Movement_24-09-2022_15-59-32
1664031558578.0,0.39,-0.94,0.0,10.67,-41.08,0.25,Respeck,Movement,9,s2269664,14.1,Respeck_s2269664_Movement_24-09-2022_15-59-32
1664031558608.0,0.44,-0.88,0.08,10.31,-44.94,0.98,Respeck,Movement,9,s2269664,14.1,Respeck_s2269664_Movement_24-09-2022_15-59-32
1664031558654.0,0.34,-0.97,0.09,7.36,-46.58,-0.48,Respeck,Movement,9,s2269664,14.1,Respeck_s2269664_Movement_24-09-2022_15-59-32
1664031558699.0,0.36,-0.99,0.1,5.78,-53.89,-1.69,Respeck,Movement,9,s2269664,14.1,Respeck_s2269664_Movement_24-09-2022_15-59-32
1664031558728.0,0.28,-0.99,0.13,4.36,-54.23,-1.97,Respeck,Movement,9,s2269664,14.1,Respeck_s2269664_Movement_24-09-2022_15-59-32
1664031558775.0,0.19,-0.91,0.21,8.16,-49.63,-1.17,Respeck,Movement,9,s2269664,14.1,Respeck_s2269664_Movement_24-09-2022_15-59-32
1664031558819.0,0.22,-0.91,0.26,6.22,-44.3,-4.47,Respeck,Movement,9,s2269664,14.1,Respeck_s2269664_Movement_24-09-2022_15-59-32
1664031558850.0,0.2,-0.89,0.27,3.14,-38.34,-5.05,Respeck,Movement,9,s2269664,14.1,Respeck_s2269664_Movement_24-09-2022_15-59-32
1664031558897.0,0.22,-0.85,0.32,2.22,-32.22,-6.23,Respeck,Movement,9,s2269664,14.1,Respeck_s2269664_Movement_24-09-2022_15-59-32
1664031558939.0,0.19,-0.91,0.25,3.05,-28.61,-6.89,Respeck,Movement,9,s2269664,14.1,Respeck_s2269664_Movement_24-09-2022_15-59-32
1664031558970.0,0.24,-0.9,0.15,6.17,-26.27,-12.09,Respeck,Movement,9,s2269664,14.1,Respeck_s2269664_Movement_24-09-2022_15-59-32
1664031559017.0,0.32,-0.96,0.23,8.06,-30.03,-10.56,Respeck,Movement,9,s2269664,14.1,Respeck_s2269664_Movement_24-09-2022_15-59-32
1664031559059.0,0.23,-1.06,0.23,4.89,-35.14,-12.63,Respeck,Movement,9,s2269664,14.1,Respeck_s2269664_Movement_24-09-2022_15-59-32
1664031559089.0,0.17,-1.07,0.1,1.77,-40.81,-18.11,Respeck,Movement,9,s2269664,14.1,Respeck_s2269664_Movement_24-09-2022_15-59-32
1664031559150.0,0.23,-0.98,0.12,0.88,-44.39,-18.39,Respeck,Movement,9,s2269664,14.1,Respeck_s2269664_Movement_24-09-2022_15-59-32
1664031559167.0,0.11,-1.0,0.11,0.19,-46.7,-16.2,Respeck,Movement,9,s2269664,14.1,Respeck_s2269664_Movement_24-09-2022_15-59-32
1664031559209.0,0.19,-1.03,0.15,-0.67,-49.25,-12.0,Respeck,Movement,9,s2269664,14.1,Respeck_s2269664_Movement_24-09-2022_15-59-32
1664031559254.0,0.09,-1.09,0.11,2.17,-59.28,-9.94,Respeck,Movement,9,s2269664,14.1,Respeck_s2269664_Movement_24-09-2022_15-59-32
1664031559287.0,0.02,-1.01,0.06,-2.47,-57.34,-12.64,Respeck,Movement,9,s2269664,14.1,Respeck_s2269664_Movement_24-09-2022_15-59-32
1664031559329.0,0.05,-0.97,0.14,-2.22,-59.02,-8.47,Respeck,Movement,9,s2269664,14.1,Respeck_s2269664_Movement_24-09-2022_15-59-32
1664031559375.0,-0.06,-0.94,0.07,-5.16,-62.02,-6.55,Respeck,Movement,9,s2269664,14.1,Respeck_s2269664_Movement_24-09-2022_15-59-32
1664031559406.0,-0.22,-0.97,0.16,-7.53,-52.72,-9.67,Respeck,Movement,9,s2269664,14.1,Respeck_s2269664_Movement_24-09-2022_15-59-32
1664031559450.0,-0.14,-1.0,0.2,-11.67,-40.27,-7.47,Respeck,Movement,9,s2269664,14.1,Respeck_s2269664_Movement_24-09-2022_15-59-32
1664031559526.0,-0.2,-0.92,0.17,-6.97,-29.34,-1.27,Respeck,Movement,9,s2269664,14.1,Respeck_s2269664_Movement_24-09-2022_15-59-32
1664031559529.0,-0.24,-0.98,0.23,-3.09,-14.19,-1.73,Respeck,Movement,9,s2269664,14.1,Respeck_s2269664_Movement_24-09-2022_15-59-32
1664031559570.0,-0.2,-0.92,0.22,-2.14,-3.92,-0.95,Respeck,Movement,9,s2269664,14.1,Respeck_s2269664_Movement_24-09-2022_15-59-32
1664031559601.0,-0.17,-0.92,0.19,2.45,6.81,0.69,Respeck,Movement,9,s2269664,14.1,Respeck_s2269664_Movement_24-09-2022_15-59-32
1664031559659.0,-0.19,-0.96,0.16,2.52,18.11,0.98,Respeck,Movement,9,s2269664,14.1,Respeck_s2269664_Movement_24-09-2022_15-59-32
1664031559689.0,-0.19,-0.91,0.09,4.59,29.86,3.34,Respeck,Movement,9,s2269664,14.1,Respeck_s2269664_Movement_24-09-2022_15-59-32
1664031559719.0,-0.17,-0.99,0.14,7.5,36.69,3.53,Respeck,Movement,9,s2269664,14.1,Respeck_s2269664_Movement_24-09-2022_15-59-32
1664031559768.0,-0.2,-1.0,0.11,6.66,42.17,2.83,Respeck,Movement,9,s2269664,14.1,Respeck_s2269664_Movement_24-09-2022_15-59-32
1664031559810.0,-0.14,-0.99,0.16,7.91,45.88,4.36,Respeck,Movement,9,s2269664,14.1,Respeck_s2269664_Movement_24-09-2022_15-59-32
1664031559838.0,-0.13,-0.98,0.15,5.22,52.72,4.11,Respeck,Movement,9,s2269664,14.1,Respeck_s2269664_Movement_24-09-2022_15-59-32
1664031559885.0,-0.13,-0.94,0.16,8.06,52.78,5.38,Respeck,Movement,9,s2269664,14.1,Respeck_s2269664_Movement_24-09-2022_15-59-32
1664031559929.0,-0.1,-0.99,0.18,6.11,50.38,5.23,Respeck,Movement,9,s2269664,14.1,Respeck_s2269664_Movement_24-09-2022_15-59-32
1664031559961.0,-0.11,-0.98,0.1,2.48,49.33,6.22,Respeck,Movement,9,s2269664,14.1,Respeck_s2269664_Movement_24-09-2022_15-59-32
1664031560004.0,-0.12,-0.99,0.15,3.28,52.42,7.75,Respeck,Movement,9,s2269664,14.1,Respeck_s2269664_Movement_24-09-2022_15-59-32
1664031560035.0,-0.07,-1.02,0.17,-0.3,52.78,9.88,Respeck,Movement,9,s2269664,14.1,Respeck_s2269664_Movement_24-09-2022_15-59-32
1664031560079.0,-0.01,-0.96,0.06,-2.7,52.31,10.59,Respeck,Movement,9,s2269664,14.1,Respeck_s2269664_Movement_24-09-2022_15-59-32
1664031560127.0,0.11,-0.98,0.2,3.98,48.86,11.63,Respeck,Movement,9,s2269664,14.1,Respeck_s2269664_Movement_24-09-2022_15-59-32
1664031560155.0,-0.02,-0.98,0.19,2.92,46.19,16.66,Respeck,Movement,9,s2269664,14.1,Respeck_s2269664_Movement_24-09-2022_15-59-32
1664031560199.0,0.14,-0.95,0.14,-1.84,40.67,15.08,Respeck,Movement,9,s2269664,14.1,Respeck_s2269664_Movement_24-09-2022_15-59-32
1664031560250.0,0.14,-0.93,0.13,1.8,37.36,16.2,Respeck,Movement,9,s2269664,14.1,Respeck_s2269664_Movement_24-09-2022_15-59-32
1664031560276.0,0.13,-0.91,0.22,2.64,35.47,15.14,Respeck,Movement,9,s2269664,14.1,Respeck_s2269664_Movement_24-09-2022_15-59-32
1664031560320.0,0.28,-1.02,0.22,2.08,27.66,12.14,Respeck,Movement,9,s2269664,14.1,Respeck_s2269664_Movement_24-09-2022_15-59-32
1664031560379.0,0.35,-0.99,0.2,-3.06,14.64,9.61,Respeck,Movement,9,s2269664,14.1,Respeck_s2269664_Movement_24-09-2022_15-59-32
1664031560397.0,0.42,-1.08,0.2,-0.84,5.59,8.58,Respeck,Movement,9,s2269664,14.1,Respeck_s2269664_Movement_24-09-2022_15-59-32
1664031560438.0,0.34,-1.13,0.05,-3.5,-6.38,6.41,Respeck,Movement,9,s2269664,14.1,Respeck_s2269664_Movement_24-09-2022_15-59-32
1664031560470.0,0.34,-1.18,0.04,3.58,-9.67,4.63,Respeck,Movement,9,s2269664,14.1,Respeck_s2269664_Movement_24-09-2022_15-59-32
1664031560514.0,0.37,-0.98,-0.04,2.63,-22.17,4.14,Respeck,Movement,9,s2269664,14.1,Respeck_s2269664_Movement_24-09-2022_15-59-32
1664031560560.0,0.38,-0.81,-0.01,3.03,-35.19,1.94,Respeck,Movement,9,s2269664,14.1,Respeck_s2269664_Movement_24-09-2022_15-59-32
1664031560589.0,0.31,-0.75,-0.1,5.13,-41.05,-2.39,Respeck,Movement,9,s2269664,14.1,Respeck_s2269664_Movement_24-09-2022_15-59-32
1664031560635.0,0.27,-0.79,-0.13,2.13,-42.97,-2.17,Respeck,Movement,9,s2269664,14.1,Respeck_s2269664_Movement_24-09-2022_15-59-32
1664031560680.0,0.31,-0.92,-0.02,-5.69,-40.69,-4.06,Respeck,Movement,9,s2269664,14.1,Respeck_s2269664_Movement_24-09-2022_15-59-32
1664031560711.0,0.31,-1.05,0.07,-2.05,-45.8,-7.88,Respeck,Movement,9,s2269664,14.1,Respeck_s2269664_Movement_24-09-2022_15-59-32
1664031560754.0,0.21,-1.05,0.12,-7.02,-45.73,-10.09,Respeck,Movement,9,s2269664,14.1,Respeck_s2269664_Movement_24-09-2022_15-59-32
1664031560799.0,0.09,-0.96,0.13,-0.27,-45.17,-8.17,Respeck,Movement,9,s2269664,14.1,Respeck_s2269664_Movement_24-09-2022_15-59-32
1664031560829.0,0.14,-0.96,0.17,0.83,-38.77,-5.13,Respeck,Movement,9,s2269664,14.1,Respeck_s2269664_Movement_24-09-2022_15-59-32
1664031560875.0,0.07,-0.92,0.26,0.67,-37.89,-4.61,Respeck,Movement,9,s2269664,14.1,Respeck_s2269664_Movement_24-09-2022_15-59-32
1664031560920.0,0.11,-0.95,0.3,0.13,-40.05,-3.86,Respeck,Movement,9,s2269664,14.1,Respeck_s2269664_Movement_24-09-2022_15-59-32
1664031560950.0,0.12,-0.9,0.27,0.47,-37.47,-3.86,Respeck,Movement,9,s2269664,14.1,Respeck_s2269664_Movement_24-09-2022_15-59-32
1664031560995.0,0.01,-0.9,0.26,1.56,-36.41,-4.05,Respeck,Movement,9,s2269664,14.1,Respeck_s2269664_Movement_24-09-2022_15-59-32
1664031561028.0,-0.06,-0.89,0.29,3.92,-21.03,-8.17,Respeck,Movement,9,s2269664,14.1,Respeck_s2269664_Movement_24-09-2022_15-59-32
1664031561069.0,-0.11,-0.89,0.3,6.56,-18.42,-8.3,Respeck,Movement,9,s2269664,14.1,Respeck_s2269664_Movement_24-09-2022_15-59-32
1664031561115.0,0.01,-0.91,0.33,3.19,-12.25,-5.91,Respeck,Movement,9,s2269664,14.1,Respeck_s2269664_Movement_24-09-2022_15-59-32
1664031561144.0,-0.09,-0.93,0.32,3.72,-8.56,-7.34,Respeck,Movement,9,s2269664,14.1,Respeck_s2269664_Movement_24-09-2022_15-59-32
1664031561189.0,-0.2,-0.97,0.34,1.66,0.31,-6.72,Respeck,Movement,9,s2269664,14.1,Respeck_s2269664_Movement_24-09-2022_15-59-32
1664031561237.0,-0.14,-0.98,0.4,1.69,6.19,-9.36,Respeck,Movement,9,s2269664,14.1,Respeck_s2269664_Movement_24-09-2022_15-59-32
1664031561269.0,-0.35,-1.06,0.36,-3.0,14.48,-14.52,Respeck,Movement,9,s2269664,14.1,Respeck_s2269664_Movement_24-09-2022_15-59-32
1664031561309.0,-0.22,-1.17,0.24,-2.14,23.36,-19.63,Respeck,Movement,9,s2269664,14.1,Respeck_s2269664_Movement_24-09-2022_15-59-32
1664031561354.0,-0.03,-1.41,0.16,-0.95,28.0,-17.34,Respeck,Movement,9,s2269664,14.1,Respeck_s2269664_Movement_24-09-2022_15-59-32
1664031561399.0,-0.01,-1.02,-0.01,1.34,34.73,-10.34,Respeck,Movement,9,s2269664,14.1,Respeck_s2269664_Movement_24-09-2022_15-59-32
1664031561430.0,0.27,-0.69,-0.02,5.89,40.8,7.91,Respeck,Movement,9,s2269664,14.1,Respeck_s2269664_Movement_24-09-2022_15-59-32
1664031561459.0,0.28,-0.83,0.02,6.42,31.89,9.8,Respeck,Movement,9,s2269664,14.1,Respeck_s2269664_Movement_24-09-2022_15-59-32
1664031561507.0,0.2,-1.02,0.08,6.22,22.92,5.17,Respeck,Movement,9,s2269664,14.1,Respeck_s2269664_Movement_24-09-2022_15-59-32
1664031561549.0,0.05,-1.22,0.22,8.09,18.77,6.88,Respeck,Movement,9,s2269664,14.1,Respeck_s2269664_Movement_24-09-2022_15-59-32
1664031561579.0,0.07,-1.02,0.17,-2.06,19.02,14.89,Respeck,Movement,9,s2269664,14.1,Respeck_s2269664_Movement_24-09-2022_15-59-32
1664031561624.0,0.11,-0.87,0.22,4.95,14.0,10.34,Respeck,Movement,9,s2269664,14.1,Respeck_s2269664_Movement_24-09-2022_15-59-32
1664031561685.0,0.03,-0.9,0.15,0.77,13.75,11.8,Respeck,Movement,9,s2269664,14.1,Respeck_s2269664_Movement_24-09-2022_15-59-32
1664031561699.0,0.09,-0.84,0.19,-2.17,7.05,9.25,Respeck,Movement,9,s2269664,14.1,Respeck_s2269664_Movement_24-09-2022_15-59-32
1664031561747.0,0.07,-0.87,0.19,-0.05,3.19,11.86,Respeck,Movement,9,s2269664,14.1,Respeck_s2269664_Movement_24-09-2022_15-59-32
1664031561789.0,0.08,-0.84,0.2,0.63,-2.66,13.3,Respeck,Movement,9,s2269664,14.1,Respeck_s2269664_Movement_24-09-2022_15-59-32
1664031561818.0,0.1,-0.78,0.18,5.47,-16.08,14.11,Respeck,Movement,9,s2269664,14.1,Respeck_s2269664_Movement_24-09-2022_15-59-32
1664031561867.0,0.17,-0.91,0.25,5.52,-23.89,13.77,Respeck,Movement,9,s2269664,14.1,Respeck_s2269664_Movement_24-09-2022_15-59-32
1664031561899.0,-0.04,-1.11,0.21,8.03,-16.06,7.64,Respeck,Movement,9,s2269664,14.1,Respeck_s2269664_Movement_24-09-2022_15-59-32
1664031561939.0,0.12,-1.25,0.28,2.95,-14.86,4.83,Respeck,Movement,9,s2269664,14.1,Respeck_s2269664_Movement_24-09-2022_15-59-32
1664031561985.0,0.21,-1.43,0.39,2.14,-16.47,8.95,Respeck,Movement,9,s2269664,14.1,Respeck_s2269664_Movement_24-09-2022_15-59-32
1664031562018.0,0.4,-1.28,0.04,8.7,-21.33,6.8,Respeck,Movement,9,s2269664,14.1,Respeck_s2269664_Movement_24-09-2022_15-59-32
1664031562060.0,0.54,-0.85,-0.18,12.13,-33.53,7.81,Respeck,Movement,9,s2269664,14.1,Respeck_s2269664_Movement_24-09-2022_15-59-32
1664031562120.0,0.45,-0.7,-0.1,22.42,-35.95,13.77,Respeck,Movement,9,s2269664,14.1,Respeck_s2269664_Movement_24-09-2022_15-59-32
1664031562136.0,0.27,-0.92,-0.03,22.22,-42.92,8.72,Respeck,Movement,9,s2269664,14.1,Respeck_s2269664_Movement_24-09-2022_15-59-32
1664031562180.0,0.2,-1.09,0.05,5.86,-37.2,-1.09,Respeck,Movement,9,s2269664,14.1,Respeck_s2269664_Movement_24-09-2022_15-59-32
1664031562224.0,0.28,-1.0,0.06,4.05,-27.94,-0.59,Respeck,Movement,9,s2269664,14.1,Respeck_s2269664_Movement_24-09-2022_15-59-32
1664031562255.0,0.34,-0.85,0.19,5.81,-27.56,3.97,Respeck,Movement,9,s2269664,14.1,Respeck_s2269664_Movement_24-09-2022_15-59-32
1664031562302.0,0.26,-0.84,0.22,4.89,-26.3,-0.14,Respeck,Movement,9,s2269664,14.1,Respeck_s2269664_Movement_24-09-2022_15-59-32
1664031562328.0,0.23,-0.79,0.21,4.45,-21.22,-1.52,Respeck,Movement,9,s2269664,14.1,Respeck_s2269664_Movement_24-09-2022_15-59-32
1664031562374.0,0.25,-0.74,0.21,4.53,-15.06,-1.27,Respeck,Movement,9,s2269664,14.1,Respeck_s2269664_Movement_24-09-2022_15-59-32
1664031562419.0,0.19,-0.7,0.22,8.72,-10.59,-1.81,Respeck,Movement,9,s2269664,14.1,Respeck_s2269664_Movement_24-09-2022_15-59-32
1664031562450.0,0.11,-0.73,0.28,8.81,-5.16,-5.08,Respeck,Movement,9,s2269664,14.1,Respeck_s2269664_Movement_24-09-2022_15-59-32
1664031562495.0,0.19,-0.91,0.23,6.91,-3.56,-10.06,Respeck,Movement,9,s2269664,14.1,Respeck_s2269664_Movement_24-09-2022_15-59-32
1664031562539.0,0.31,-1.0,0.01,11.38,-9.77,-10.73,Respeck,Movement,9,s2269664,14.1,Respeck_s2269664_Movement_24-09-2022_15-59-32
1664031562584.0,0.4,-1.19,0.48,7.83,-14.72,-8.22,Respeck,Movement,9,s2269664,14.1,Respeck_s2269664_Movement_24-09-2022_15-59-32
1664031562633.0,-0.18,-1.63,0.01,-0.09,-21.78,-24.03,Respeck,Movement,9,s2269664,14.1,Respeck_s2269664_Movement_24-09-2022_15-59-32
1664031562659.0,0.37,-1.33,-0.08,-8.86,-10.86,-25.64,Respeck,Movement,9,s2269664,14.1,Respeck_s2269664_Movement_24-09-2022_15-59-32
1664031562690.0,0.33,-0.8,0.15,-3.84,6.39,7.44,Respeck,Movement,9,s2269664,14.1,Respeck_s2269664_Movement_24-09-2022_15-59-32
1664031562736.0,0.25,-0.72,-0.2,-3.09,-9.7,-0.22,Respeck,Movement,9,s2269664,14.1,Respeck_s2269664_Movement_24-09-2022_15-59-32
1664031562779.0,0.31,-1.04,-0.09,1.84,-23.38,-9.06,Respeck,Movement,9,s2269664,14.1,Respeck_s2269664_Movement_24-09-2022_15-59-32
1664031562810.0,0.33,-1.32,0.01,2.11,-22.97,6.69,Respeck,Movement,9,s2269664,14.1,Respeck_s2269664_Movement_24-09-2022_15-59-32
1664031562854.0,0.15,-0.87,0.04,-3.75,-24.41,10.47,Respeck,Movement,9,s2269664,14.1,Respeck_s2269664_Movement_24-09-2022_15-59-32
1664031562889.0,0.03,-0.71,0.06,0.58,-32.36,6.42,Respeck,Movement,9,s2269664,14.1,Respeck_s2269664_Movement_24-09-2022_15-59-32
1664031562930.0,0.08,-0.82,0.02,3.42,-33.06,6.86,Respeck,Movement,9,s2269664,14.1,Respeck_s2269664_Movement_24-09-2022_15-59-32
1664031562980.0,0.16,-0.79,0.04,9.02,-34.97,10.06,Respeck,Movement,9,s2269664,14.1,Respeck_s2269664_Movement_24-09-2022_15-59-32
1664031563008.0,0.04,-0.87,0.09,9.78,-37.86,11.11,Respeck,Movement,9,s2269664,14.1,Respeck_s2269664_Movement_24-09-2022_15-59-32
1664031563050.0,0.04,-0.97,0.18,6.84,-36.08,10.36,Respeck,Movement,9,s2269664,14.1,Respeck_s2269664_Movement_24-09-2022_15-59-32
1664031563099.0,0.05,-0.98,0.2,2.39,-36.59,11.27,Respeck,Movement,9,s2269664,14.1,Respeck_s2269664_Movement_24-09-2022_15-59-32
1664031563126.0,0.02,-1.0,0.26,-4.83,-33.77,7.91,Respeck,Movement,9,s2269664,14.1,Respeck_s2269664_Movement_24-09-2022_15-59-32
1664031563170.0,-0.12,-1.11,0.24,-3.89,-13.64,-0.44,Respeck,Movement,9,s2269664,14.1,Respeck_s2269664_Movement_24-09-2022_15-59-32
1664031563217.0,0.24,-1.21,0.25,-10.23,-10.88,3.08,Respeck,Movement,9,s2269664,14.1,Respeck_s2269664_Movement_24-09-2022_15-59-32
1664031563247.0,0.18,-1.48,0.27,-5.25,-9.95,5.59,Respeck,Movement,9,s2269664,14.1,Respeck_s2269664_Movement_24-09-2022_15-59-32
1664031563291.0,0.67,-1.07,0.07,-6.69,-15.98,11.22,Respeck,Movement,9,s2269664,14.1,Respeck_s2269664_Movement_24-09-2022_15-59-32
1664031563319.0,0.51,-0.56,-0.27,6.17,-35.97,10.84,Respeck,Movement,9,s2269664,14.1,Respeck_s2269664_Movement_24-09-2022_15-59-32
1664031563368.0,0.43,-1.06,0.06,10.2,-32.67,1.19,Respeck,Movement,9,s2269664,14.1,Respeck_s2269664_Movement_24-09-2022_15-59-32
1664031563409.0,0.27,-1.11,0.04,-1.77,-33.44,-1.44,Respeck,Movement,9,s2269664,14.1,Respeck_s2269664_Movement_24-09-2022_15-59-32
1664031563441.0,0.18,-1.03,0.1,-11.84,-23.06,-9.86,Respeck,Movement,9,s2269664,14.1,Respeck_s2269664_Movement_24-09-2022_15-59-32
1664031563484.0,0.3,-0.81,0.2,-3.38,-22.47,-3.45,Respeck,Movement,9,s2269664,14.1,Respeck_s2269664_Movement_24-09-2022_15-59-32
1664031563530.0,0.22,-0.73,0.2,2.02,-19.67,3.11,Respeck,Movement,9,s2269664,14.1,Respeck_s2269664_Movement_24-09-2022_15-59-32
1664031563560.0,0.21,-0.72,0.23,3.77,-17.08,0.19,Respeck,Movement,9,s2269664,14.1,Respeck_s2269664_Movement_24-09-2022_15-59-32
1664031563608.0,0.21,-0.73,0.19,4.97,-11.91,-0.44,Respeck,Movement,9,s2269664,14.1,Respeck_s2269664_Movement_24-09-2022_15-59-32
1664031563649.0,0.23,-0.73,0.24,8.27,-7.25,-0.47,Respeck,Movement,9,s2269664,14.1,Respeck_s2269664_Movement_24-09-2022_15-59-32
1664031563679.0,0.18,-0.78,0.37,9.47,-4.33,-1.31,Respeck,Movement,9,s2269664,14.1,Respeck_s2269664_Movement_24-09-2022_15-59-32
1664031563730.0,0.02,-0.91,0.34,4.53,-2.34,-5.92,Respeck,Movement,9,s2269664,14.1,Respeck_s2269664_Movement_24-09-2022_15-59-32
1664031563754.0,0.26,-0.97,0.07,4.53,-7.78,-11.88,Respeck,Movement,9,s2269664,14.1,Respeck_s2269664_Movement_24-09-2022_15-59-32
1664031563799.0,0.43,-1.05,0.52,3.44,-5.13,-2.84,Respeck,Movement,9,s2269664,14.1,Respeck_s2269664_Movement_24-09-2022_15-59-32
1664031563859.0,-0.1,-1.41,0.37,-0.53,-9.88,-11.47,Respeck,Movement,9,s2269664,14.1,Respeck_s2269664_Movement_24-09-2022_15-59-32
1664031563878.0,-0.08,-1.39,-0.09,-7.64,-0.06,-32.7,Respeck,Movement,9,s2269664,14.1,Respeck_s2269664_Movement_24-09-2022_15-59-32
1664031563919.0,0.36,-1.0,0.16,-1.64,19.08,-8.77,Respeck,Movement,9,s2269664,14.1,Respeck_s2269664_Movement_24-09-2022_15-59-32
1664031563964.0,0.2,-0.77,0.0,-0.33,17.3,8.86,Respeck,Movement,9,s2269664,14.1,Respeck_s2269664_Movement_24-09-2022_15-59-32
1664031563994.0,0.05,-1.0,-0.12,-5.97,7.0,-12.03,Respeck,Movement,9,s2269664,14.1,Respeck_s2269664_Movement_24-09-2022_15-59-32
1664031564045.0,0.28,-1.24,0.02,-3.25,1.05,0.13,Respeck,Movement,9,s2269664,14.1,Respeck_s2269664_Movement_24-09-2022_15-59-32
1664031564086.0,0.29,-1.07,0.15,-1.08,-0.53,11.42,Respeck,Movement,9,s2269664,14.1,Respeck_s2269664_Movement_24-09-2022_15-59-32
1664031564116.0,0.06,-0.79,0.11,-0.23,-6.77,9.08,Respeck,Movement,9,s2269664,14.1,Respeck_s2269664_Movement_24-09-2022_15-59-32
1664031564159.0,0.06,-0.81,0.06,0.64,-13.06,4.84,Respeck,Movement,9,s2269664,14.1,Respeck_s2269664_Movement_24-09-2022_15-59-32
1664031564188.0,0.14,-0.85,0.05,4.95,-15.31,5.19,Respeck,Movement,9,s2269664,14.1,Respeck_s2269664_Movement_24-09-2022_15-59-32
1664031564233.0,0.07,-0.89,0.07,7.58,-18.7,5.83,Respeck,Movement,9,s2269664,14.1,Respeck_s2269664_Movement_24-09-2022_15-59-32
1664031564283.0,0.01,-0.94,0.11,3.05,-19.73,3.67,Respeck,Movement,9,s2269664,14.1,Respeck_s2269664_Movement_24-09-2022_15-59-32
1664031564314.0,0.1,-0.91,0.23,2.5,-21.45,6.77,Respeck,Movement,9,s2269664,14.1,Respeck_s2269664_Movement_24-09-2022_15-59-32
1664031564354.0,0.08,-0.92,0.21,-1.34,-23.48,9.33,Respeck,Movement,9,s2269664,14.1,Respeck_s2269664_Movement_24-09-2022_15-59-32
1664031564398.0,0.06,-0.98,0.19,-2.63,-25.17,9.25,Respeck,Movement,9,s2269664,14.1,Respeck_s2269664_Movement_24-09-2022_15-59-32
